--------------------------------------------------------
-- Archivo creado  - sábado-noviembre-18-2017   
--------------------------------------------------------
DROP VIEW "DBAUSER"."DETALLE_DE_FACTURAS";
DROP VIEW "DBAUSER"."ORDERNAR_PRODUCTOS_MENORES5";
DROP TABLE "DBAUSER"."CLIENTES";
DROP TABLE "DBAUSER"."DETALLE_FACTURAS";
DROP TABLE "DBAUSER"."FABRICANTES";
DROP TABLE "DBAUSER"."FACTURAS";
DROP TABLE "DBAUSER"."HISTORIAL_VEHICULOS";
DROP TABLE "DBAUSER"."IMPUESTOS";
DROP TABLE "DBAUSER"."MARCAS";
DROP TABLE "DBAUSER"."PROVEEDORES";
DROP TABLE "DBAUSER"."SERVICIOS_EXTRA";
DROP TABLE "DBAUSER"."TIPO_IDENTIFICACIONES";
DROP TABLE "DBAUSER"."VEHICULOS";
DROP TABLE "DBAUSER"."VEHICULOS_INTERCAMBIO";
DROP TABLE "DBAUSER"."VENDEDORES";
DROP SEQUENCE "DBAUSER"."IDCLIENTES";
DROP SEQUENCE "DBAUSER"."IDDETALLE_FACTURAS";
DROP SEQUENCE "DBAUSER"."IDFABRICANTES";
DROP SEQUENCE "DBAUSER"."IDFACTURAS";
DROP SEQUENCE "DBAUSER"."IDHISTORIAL_VEHICULOS";
DROP SEQUENCE "DBAUSER"."IDIMPUESTOS";
DROP SEQUENCE "DBAUSER"."IDMARCAS";
DROP SEQUENCE "DBAUSER"."IDPROVEEDORES";
DROP SEQUENCE "DBAUSER"."IDSERVICIOS_EXTRA";
DROP SEQUENCE "DBAUSER"."IDTIPO_IDENTIFICACIONES";
DROP SEQUENCE "DBAUSER"."IDVEHICULOS";
DROP SEQUENCE "DBAUSER"."IDVEHICULOS_INTERCAMBIO";
DROP SEQUENCE "DBAUSER"."IDVENDEDOR";
DROP PROCEDURE "DBAUSER"."REORDER_UNITS";
--------------------------------------------------------
--  DDL for View DETALLE_DE_FACTURAS
--------------------------------------------------------

  CREATE OR REPLACE FORCE VIEW "DBAUSER"."DETALLE_DE_FACTURAS" ("ID", "VENDEDOR_ID", "Nombre Vendedor", " Vendedor Id", "Nombre Cliente ", "VEHICULO_ID", "MARCA", "NOMBRE_FABRICANTE", "Servicio Extra Id", "NOMBRE") AS 
  SELECT F.ID,F.VENDEDOR_ID,VE.NOMBRE || VE.APELLIDO as "Nombre Vendedor",C.ID as " Vendedor Id",
  C.NOMBRE  || C.APELLIDO as "Nombre Cliente ",
  F.VEHICULO_ID,M.MARCA,FA.NOMBRE_FABRICANTE,SE.ID as "Servicio Extra Id",SE.NOMBRE
  FROM FACTURAS F
  INNER JOIN VENDEDORES VE
  ON F.VENDEDOR_ID=VE.ID
  INNER JOIN CLIENTES C
  ON F.CLIENTE_ID=C.ID
  INNER JOIN VEHICULOS VE
  ON F.VEHICULO_ID=VE.ID
  INNER JOIN MARCAS M
  ON VE.MARCA_ID=M.ID
  INNER JOIN FABRICANTES FA
  ON VE.FABRICANTE_ID=FA.ID
  INNER JOIN DETALLE_FACTURAS DF
  ON DF.FACTURA_ID =F.ID
  INNER JOIN SERVICIOS_EXTRA SE
  ON DF.CODIGO_SERVICIO_EXTRA_ID=SE.ID
;
--------------------------------------------------------
--  DDL for View ORDERNAR_PRODUCTOS_MENORES5
--------------------------------------------------------

  CREATE OR REPLACE FORCE VIEW "DBAUSER"."ORDERNAR_PRODUCTOS_MENORES5" ("ID", "NOMBRE", "CODIGO", "NOMBRE_PROVEEDOR", "UNIDADES_DISPONIBLES") AS 
  SELECT SE.ID,SE.NOMBRE,SE.CODIGO,P.NOMBRE_PROVEEDOR,SE.UNIDADES_DISPONIBLES
  FROM SERVICIOS_EXTRA SE
  INNER JOIN PROVEEDORES P 
  ON SE.PROVEEDOR_ID= P.ID
  WHERE SE.UNIDADES_DISPONIBLES < 5
  ORDER BY SE.UNIDADES_DISPONIBLES DESC
;
--------------------------------------------------------
--  DDL for Table CLIENTES
--------------------------------------------------------

  CREATE TABLE "DBAUSER"."CLIENTES" 
   (	"ID" NUMBER(*,0), 
	"CEDULA" VARCHAR2(20 BYTE), 
	"NOMBRE" VARCHAR2(50 BYTE), 
	"APELLIDO" VARCHAR2(50 BYTE), 
	"DIRECCION" VARCHAR2(50 BYTE), 
	"TELEFONO" VARCHAR2(50 BYTE), 
	"TIPO_IDENTIFICACION_ID" NUMBER(*,0)
   ) ;
--------------------------------------------------------
--  DDL for Table DETALLE_FACTURAS
--------------------------------------------------------

  CREATE TABLE "DBAUSER"."DETALLE_FACTURAS" 
   (	"ID" NUMBER(*,0), 
	"FACTURA_ID" NUMBER(*,0), 
	"CODIGO_SERVICIO_EXTRA_ID" NUMBER(*,0), 
	"CANTIDAD" NUMBER(*,0), 
	"VALOR_UNITARIO" NUMBER(*,0)
   ) ;
--------------------------------------------------------
--  DDL for Table FABRICANTES
--------------------------------------------------------

  CREATE TABLE "DBAUSER"."FABRICANTES" 
   (	"ID" NUMBER(*,0), 
	"NOMBRE_FABRICANTE" VARCHAR2(50 BYTE)
   ) ;
--------------------------------------------------------
--  DDL for Table FACTURAS
--------------------------------------------------------

  CREATE TABLE "DBAUSER"."FACTURAS" 
   (	"ID" NUMBER(*,0), 
	"CODIGO_FACTURA" VARCHAR2(250 BYTE), 
	"FECHA_FACTURA" DATE, 
	"VENDEDOR_ID" NUMBER(*,0), 
	"CLIENTE_ID" NUMBER(*,0), 
	"VALOR_SUBTOTAL" NUMBER(*,0), 
	"IMPUESTO_ID" NUMBER(*,0), 
	"VEHICULO_ID" NUMBER(*,0), 
	"VEHICULO_INTERCAMBIO_ID" NUMBER(*,0), 
	"VALOR_MATRICULA" NUMBER(*,0)
   ) ;
--------------------------------------------------------
--  DDL for Table HISTORIAL_VEHICULOS
--------------------------------------------------------

  CREATE TABLE "DBAUSER"."HISTORIAL_VEHICULOS" 
   (	"ID" NUMBER(*,0), 
	"VEHICULO_ID" NUMBER(*,0), 
	"ESTADO" VARCHAR2(50 BYTE), 
	"OBSERVACIONES" VARCHAR2(250 BYTE)
   ) ;
--------------------------------------------------------
--  DDL for Table IMPUESTOS
--------------------------------------------------------

  CREATE TABLE "DBAUSER"."IMPUESTOS" 
   (	"ID" NUMBER(*,0), 
	"NOMBRE_IMPUESTO" VARCHAR2(250 BYTE), 
	"VALOR_IMPUESTO" VARCHAR2(250 BYTE)
   ) ;
--------------------------------------------------------
--  DDL for Table MARCAS
--------------------------------------------------------

  CREATE TABLE "DBAUSER"."MARCAS" 
   (	"ID" NUMBER(*,0), 
	"MARCA" VARCHAR2(50 BYTE), 
	"MODELO" VARCHAR2(50 BYTE)
   ) ;
--------------------------------------------------------
--  DDL for Table PROVEEDORES
--------------------------------------------------------

  CREATE TABLE "DBAUSER"."PROVEEDORES" 
   (	"ID" NUMBER(*,0), 
	"CODIGO_PROVEEDOR" VARCHAR2(250 BYTE), 
	"NOMBRE_PROVEEDOR" VARCHAR2(250 BYTE)
   ) ;
--------------------------------------------------------
--  DDL for Table SERVICIOS_EXTRA
--------------------------------------------------------

  CREATE TABLE "DBAUSER"."SERVICIOS_EXTRA" 
   (	"ID" NUMBER(*,0), 
	"CODIGO" VARCHAR2(250 BYTE), 
	"NOMBRE" VARCHAR2(250 BYTE), 
	"COSTO" VARCHAR2(250 BYTE), 
	"PROVEEDOR_ID" NUMBER(*,0), 
	"VALOR_VENTA" VARCHAR2(250 BYTE), 
	"UNIDADES_DISPONIBLES" NUMBER(*,0) DEFAULT (30)
   ) ;
--------------------------------------------------------
--  DDL for Table TIPO_IDENTIFICACIONES
--------------------------------------------------------

  CREATE TABLE "DBAUSER"."TIPO_IDENTIFICACIONES" 
   (	"ID" NUMBER(*,0), 
	"TIPO_IDENTIFICACION" VARCHAR2(50 BYTE)
   ) ;
--------------------------------------------------------
--  DDL for Table VEHICULOS
--------------------------------------------------------

  CREATE TABLE "DBAUSER"."VEHICULOS" 
   (	"ID" NUMBER(*,0), 
	"PLACA" VARCHAR2(20 BYTE), 
	"AÑO" VARCHAR2(50 BYTE), 
	"FABRICANTE_ID" NUMBER(*,0), 
	"VALOR" VARCHAR2(50 BYTE), 
	"TIPO" VARCHAR2(50 BYTE), 
	"MARCA_ID" NUMBER(*,0)
   ) ;
--------------------------------------------------------
--  DDL for Table VEHICULOS_INTERCAMBIO
--------------------------------------------------------

  CREATE TABLE "DBAUSER"."VEHICULOS_INTERCAMBIO" 
   (	"ID" NUMBER(*,0), 
	"PLACA" VARCHAR2(20 BYTE), 
	"ANO" VARCHAR2(50 BYTE), 
	"VALOR" NUMBER(*,0), 
	"MARCA_ID" NUMBER(*,0), 
	"FABRICANTE_ID" NUMBER(*,0)
   ) ;
--------------------------------------------------------
--  DDL for Table VENDEDORES
--------------------------------------------------------

  CREATE TABLE "DBAUSER"."VENDEDORES" 
   (	"ID" NUMBER(*,0), 
	"CEDULA_VENDEDOR" VARCHAR2(250 BYTE), 
	"NOMBRE" VARCHAR2(250 BYTE), 
	"APELLIDO" VARCHAR2(250 BYTE), 
	"DIRECCION" VARCHAR2(250 BYTE), 
	"TELEFONO" VARCHAR2(250 BYTE), 
	"ESTADO" VARCHAR2(250 BYTE)
   ) ;
--------------------------------------------------------
--  DDL for Sequence IDCLIENTES
--------------------------------------------------------

   CREATE SEQUENCE  "DBAUSER"."IDCLIENTES"  MINVALUE 1 MAXVALUE 9999999999999999999999999999 INCREMENT BY 1 START WITH 61 CACHE 20 NOORDER  NOCYCLE ;
--------------------------------------------------------
--  DDL for Sequence IDDETALLE_FACTURAS
--------------------------------------------------------

   CREATE SEQUENCE  "DBAUSER"."IDDETALLE_FACTURAS"  MINVALUE 1 MAXVALUE 9999999999999999999999999999 INCREMENT BY 1 START WITH 101 CACHE 20 NOORDER  NOCYCLE ;
--------------------------------------------------------
--  DDL for Sequence IDFABRICANTES
--------------------------------------------------------

   CREATE SEQUENCE  "DBAUSER"."IDFABRICANTES"  MINVALUE 1 MAXVALUE 9999999999999999999999999999 INCREMENT BY 1 START WITH 21 CACHE 20 NOORDER  NOCYCLE ;
--------------------------------------------------------
--  DDL for Sequence IDFACTURAS
--------------------------------------------------------

   CREATE SEQUENCE  "DBAUSER"."IDFACTURAS"  MINVALUE 1 MAXVALUE 9999999999999999999999999999 INCREMENT BY 1 START WITH 61 CACHE 20 NOORDER  NOCYCLE ;
--------------------------------------------------------
--  DDL for Sequence IDHISTORIAL_VEHICULOS
--------------------------------------------------------

   CREATE SEQUENCE  "DBAUSER"."IDHISTORIAL_VEHICULOS"  MINVALUE 1 MAXVALUE 9999999999999999999999999999 INCREMENT BY 1 START WITH 61 CACHE 20 NOORDER  NOCYCLE ;
--------------------------------------------------------
--  DDL for Sequence IDIMPUESTOS
--------------------------------------------------------

   CREATE SEQUENCE  "DBAUSER"."IDIMPUESTOS"  MINVALUE 1 MAXVALUE 9999999999999999999999999999 INCREMENT BY 1 START WITH 21 CACHE 20 NOORDER  NOCYCLE ;
--------------------------------------------------------
--  DDL for Sequence IDMARCAS
--------------------------------------------------------

   CREATE SEQUENCE  "DBAUSER"."IDMARCAS"  MINVALUE 1 MAXVALUE 9999999999999999999999999999 INCREMENT BY 1 START WITH 21 CACHE 20 NOORDER  NOCYCLE ;
--------------------------------------------------------
--  DDL for Sequence IDPROVEEDORES
--------------------------------------------------------

   CREATE SEQUENCE  "DBAUSER"."IDPROVEEDORES"  MINVALUE 1 MAXVALUE 9999999999999999999999999999 INCREMENT BY 1 START WITH 21 CACHE 20 NOORDER  NOCYCLE ;
--------------------------------------------------------
--  DDL for Sequence IDSERVICIOS_EXTRA
--------------------------------------------------------

   CREATE SEQUENCE  "DBAUSER"."IDSERVICIOS_EXTRA"  MINVALUE 1 MAXVALUE 9999999999999999999999999999 INCREMENT BY 1 START WITH 61 CACHE 20 NOORDER  NOCYCLE ;
--------------------------------------------------------
--  DDL for Sequence IDTIPO_IDENTIFICACIONES
--------------------------------------------------------

   CREATE SEQUENCE  "DBAUSER"."IDTIPO_IDENTIFICACIONES"  MINVALUE 1 MAXVALUE 9999999999999999999999999999 INCREMENT BY 1 START WITH 21 CACHE 20 NOORDER  NOCYCLE ;
--------------------------------------------------------
--  DDL for Sequence IDVEHICULOS
--------------------------------------------------------

   CREATE SEQUENCE  "DBAUSER"."IDVEHICULOS"  MINVALUE 1 MAXVALUE 9999999999999999999999999999 INCREMENT BY 1 START WITH 41 CACHE 20 NOORDER  NOCYCLE ;
--------------------------------------------------------
--  DDL for Sequence IDVEHICULOS_INTERCAMBIO
--------------------------------------------------------

   CREATE SEQUENCE  "DBAUSER"."IDVEHICULOS_INTERCAMBIO"  MINVALUE 1 MAXVALUE 9999999999999999999999999999 INCREMENT BY 1 START WITH 61 CACHE 20 NOORDER  NOCYCLE ;
--------------------------------------------------------
--  DDL for Sequence IDVENDEDOR
--------------------------------------------------------

   CREATE SEQUENCE  "DBAUSER"."IDVENDEDOR"  MINVALUE 1 MAXVALUE 9999999999999999999999999999 INCREMENT BY 1 START WITH 21 CACHE 20 NOORDER  NOCYCLE ;
REM INSERTING into DBAUSER.CLIENTES
SET DEFINE OFF;
Insert into DBAUSER.CLIENTES (ID,CEDULA,NOMBRE,APELLIDO,DIRECCION,TELEFONO,TIPO_IDENTIFICACION_ID) values ('1','112847000','Price','grajales','2286275 Erat, Rd.','16154481614','2');
Insert into DBAUSER.CLIENTES (ID,CEDULA,NOMBRE,APELLIDO,DIRECCION,TELEFONO,TIPO_IDENTIFICACION_ID) values ('2','112847001','Quinn','florez','Ap #4091432 Nibh Av.','18874667509','2');
Insert into DBAUSER.CLIENTES (ID,CEDULA,NOMBRE,APELLIDO,DIRECCION,TELEFONO,TIPO_IDENTIFICACION_ID) values ('3','112847002','Hiroko','vasquez','951982 Magna Rd.','16891156091','1');
Insert into DBAUSER.CLIENTES (ID,CEDULA,NOMBRE,APELLIDO,DIRECCION,TELEFONO,TIPO_IDENTIFICACION_ID) values ('4','112847003','Frances','echeverry','2052939 Quis, St.','12498528164','2');
Insert into DBAUSER.CLIENTES (ID,CEDULA,NOMBRE,APELLIDO,DIRECCION,TELEFONO,TIPO_IDENTIFICACION_ID) values ('5','112847004','Kelly','grajales','8212320 Bibendum Street','11643094012','2');
Insert into DBAUSER.CLIENTES (ID,CEDULA,NOMBRE,APELLIDO,DIRECCION,TELEFONO,TIPO_IDENTIFICACION_ID) values ('6','112847005','Buffy','bedoya','4786 Quisque Avenue','11055448066','1');
Insert into DBAUSER.CLIENTES (ID,CEDULA,NOMBRE,APELLIDO,DIRECCION,TELEFONO,TIPO_IDENTIFICACION_ID) values ('7','112847006','Kato','uribe','2812 Eget Av.','19647298673','2');
Insert into DBAUSER.CLIENTES (ID,CEDULA,NOMBRE,APELLIDO,DIRECCION,TELEFONO,TIPO_IDENTIFICACION_ID) values ('8','112847007','Shea','ramirez','Ap #7516184 Vivamus Rd.','14869890948','2');
Insert into DBAUSER.CLIENTES (ID,CEDULA,NOMBRE,APELLIDO,DIRECCION,TELEFONO,TIPO_IDENTIFICACION_ID) values ('9','112847008','Reece','marin','Ap #2673712 Tincidunt St.','12633142660','2');
Insert into DBAUSER.CLIENTES (ID,CEDULA,NOMBRE,APELLIDO,DIRECCION,TELEFONO,TIPO_IDENTIFICACION_ID) values ('10','112847009','Simone','ramirez','9147 Ut Rd.','12231619935','2');
Insert into DBAUSER.CLIENTES (ID,CEDULA,NOMBRE,APELLIDO,DIRECCION,TELEFONO,TIPO_IDENTIFICACION_ID) values ('11','112847010','Knox','echeverry','2270 Lorem Avenue','13962899474','1');
Insert into DBAUSER.CLIENTES (ID,CEDULA,NOMBRE,APELLIDO,DIRECCION,TELEFONO,TIPO_IDENTIFICACION_ID) values ('12','112847011','Keane','posada','Ap #9862392 Pede. Avenue','15849148044','2');
Insert into DBAUSER.CLIENTES (ID,CEDULA,NOMBRE,APELLIDO,DIRECCION,TELEFONO,TIPO_IDENTIFICACION_ID) values ('13','112847012','Wilma','pineda','Ap #4527993 Lorem Avenue','19392470173','2');
Insert into DBAUSER.CLIENTES (ID,CEDULA,NOMBRE,APELLIDO,DIRECCION,TELEFONO,TIPO_IDENTIFICACION_ID) values ('14','112847013','Nathan','bedoya','Ap #4156211 Lorem Rd.','17156552925','1');
Insert into DBAUSER.CLIENTES (ID,CEDULA,NOMBRE,APELLIDO,DIRECCION,TELEFONO,TIPO_IDENTIFICACION_ID) values ('15','112847014','Dora','florez','1013893 Amet Avenue','15266939460','1');
Insert into DBAUSER.CLIENTES (ID,CEDULA,NOMBRE,APELLIDO,DIRECCION,TELEFONO,TIPO_IDENTIFICACION_ID) values ('16','112847015','Cyrus','bedoya','P.O. Box 609, 8449 Mus. Avenue','15847870137','1');
Insert into DBAUSER.CLIENTES (ID,CEDULA,NOMBRE,APELLIDO,DIRECCION,TELEFONO,TIPO_IDENTIFICACION_ID) values ('17','112847016','Zelenia','grajales','3947719 Donec St.','12356551583','1');
Insert into DBAUSER.CLIENTES (ID,CEDULA,NOMBRE,APELLIDO,DIRECCION,TELEFONO,TIPO_IDENTIFICACION_ID) values ('18','112847017','Wynter','pineda','P.O. Box 355, 3629 Consequat Street','15135420473','2');
Insert into DBAUSER.CLIENTES (ID,CEDULA,NOMBRE,APELLIDO,DIRECCION,TELEFONO,TIPO_IDENTIFICACION_ID) values ('19','112847018','Megan','monsalve','1883036 Odio Ave','14956907769','1');
Insert into DBAUSER.CLIENTES (ID,CEDULA,NOMBRE,APELLIDO,DIRECCION,TELEFONO,TIPO_IDENTIFICACION_ID) values ('20','112847019','Teegan','vasquez','7841 Arcu. Ave','17776884962','1');
Insert into DBAUSER.CLIENTES (ID,CEDULA,NOMBRE,APELLIDO,DIRECCION,TELEFONO,TIPO_IDENTIFICACION_ID) values ('21','112847020','Gil','suarez','2891449 Id St.','19825973972','2');
Insert into DBAUSER.CLIENTES (ID,CEDULA,NOMBRE,APELLIDO,DIRECCION,TELEFONO,TIPO_IDENTIFICACION_ID) values ('22','112847021','Donovan','agudelo','2666 Nibh. St.','17452570340','2');
Insert into DBAUSER.CLIENTES (ID,CEDULA,NOMBRE,APELLIDO,DIRECCION,TELEFONO,TIPO_IDENTIFICACION_ID) values ('23','112847022','Rashad','posada','5119 Enim St.','14736892887','1');
Insert into DBAUSER.CLIENTES (ID,CEDULA,NOMBRE,APELLIDO,DIRECCION,TELEFONO,TIPO_IDENTIFICACION_ID) values ('24','112847023','Oprah','florez','7086 Morbi Rd.','14174900065','2');
Insert into DBAUSER.CLIENTES (ID,CEDULA,NOMBRE,APELLIDO,DIRECCION,TELEFONO,TIPO_IDENTIFICACION_ID) values ('25','112847024','Regan','pineda','P.O. Box 622, 3544 Eleifend Road','12491502498','1');
Insert into DBAUSER.CLIENTES (ID,CEDULA,NOMBRE,APELLIDO,DIRECCION,TELEFONO,TIPO_IDENTIFICACION_ID) values ('26','112847025','Allen','cardona','P.O. Box 106, 8678 Eget Rd.','12699422512','1');
Insert into DBAUSER.CLIENTES (ID,CEDULA,NOMBRE,APELLIDO,DIRECCION,TELEFONO,TIPO_IDENTIFICACION_ID) values ('27','112847026','Simone','marin','6942 Sit Av.','13487873356','2');
Insert into DBAUSER.CLIENTES (ID,CEDULA,NOMBRE,APELLIDO,DIRECCION,TELEFONO,TIPO_IDENTIFICACION_ID) values ('28','112847027','Colorado','alzate','9126870 Ac Rd.','16711266820','2');
Insert into DBAUSER.CLIENTES (ID,CEDULA,NOMBRE,APELLIDO,DIRECCION,TELEFONO,TIPO_IDENTIFICACION_ID) values ('29','112847028','Duncan','jimenez','P.O. Box 708, 1711 Lorem, Rd.','13825757341','1');
Insert into DBAUSER.CLIENTES (ID,CEDULA,NOMBRE,APELLIDO,DIRECCION,TELEFONO,TIPO_IDENTIFICACION_ID) values ('30','112847029','Mia','cardona','P.O. Box 309, 6258 Tristique St.','15134349521','2');
Insert into DBAUSER.CLIENTES (ID,CEDULA,NOMBRE,APELLIDO,DIRECCION,TELEFONO,TIPO_IDENTIFICACION_ID) values ('31','112847030','Ignatius','jaramillo','Ap #2334870 Ornare, Rd.','19876861054','2');
Insert into DBAUSER.CLIENTES (ID,CEDULA,NOMBRE,APELLIDO,DIRECCION,TELEFONO,TIPO_IDENTIFICACION_ID) values ('32','112847031','Ignatius','jimenez','P.O. Box 379, 4827 Nascetur Av.','19155041249','1');
Insert into DBAUSER.CLIENTES (ID,CEDULA,NOMBRE,APELLIDO,DIRECCION,TELEFONO,TIPO_IDENTIFICACION_ID) values ('33','112847032','Boris','alzate','1620 Arcu. Av.','16838017753','2');
Insert into DBAUSER.CLIENTES (ID,CEDULA,NOMBRE,APELLIDO,DIRECCION,TELEFONO,TIPO_IDENTIFICACION_ID) values ('34','112847033','Kalia','marin','P.O. Box 213, 7331 Fringilla St.','16312734608','1');
Insert into DBAUSER.CLIENTES (ID,CEDULA,NOMBRE,APELLIDO,DIRECCION,TELEFONO,TIPO_IDENTIFICACION_ID) values ('35','112847034','Wyatt','jimenez','3038398 Urna. Rd.','19967736445','1');
Insert into DBAUSER.CLIENTES (ID,CEDULA,NOMBRE,APELLIDO,DIRECCION,TELEFONO,TIPO_IDENTIFICACION_ID) values ('36','112847035','Akeem','posada','8884524 Dui Av.','12605991427','1');
Insert into DBAUSER.CLIENTES (ID,CEDULA,NOMBRE,APELLIDO,DIRECCION,TELEFONO,TIPO_IDENTIFICACION_ID) values ('37','112847036','Alfonso','posada','7665010 Vitae St.','16968642573','2');
Insert into DBAUSER.CLIENTES (ID,CEDULA,NOMBRE,APELLIDO,DIRECCION,TELEFONO,TIPO_IDENTIFICACION_ID) values ('38','112847037','David','uribe','Ap #5673805 Posuere Road','13821287277','2');
Insert into DBAUSER.CLIENTES (ID,CEDULA,NOMBRE,APELLIDO,DIRECCION,TELEFONO,TIPO_IDENTIFICACION_ID) values ('39','112847038','Byron','alzate','2331 Mauris Ave','16936041510','2');
Insert into DBAUSER.CLIENTES (ID,CEDULA,NOMBRE,APELLIDO,DIRECCION,TELEFONO,TIPO_IDENTIFICACION_ID) values ('40','112847039','Warren','posada','P.O. Box 208, 3661 Mus. Street','19027114587','2');
Insert into DBAUSER.CLIENTES (ID,CEDULA,NOMBRE,APELLIDO,DIRECCION,TELEFONO,TIPO_IDENTIFICACION_ID) values ('41','112847040','Murphy','jaramillo','7896 Nisi. Ave','12653249261','1');
Insert into DBAUSER.CLIENTES (ID,CEDULA,NOMBRE,APELLIDO,DIRECCION,TELEFONO,TIPO_IDENTIFICACION_ID) values ('42','112847041','Kamal','cardona','2858374 Et Ave','18942482999','1');
Insert into DBAUSER.CLIENTES (ID,CEDULA,NOMBRE,APELLIDO,DIRECCION,TELEFONO,TIPO_IDENTIFICACION_ID) values ('43','112847042','Martin','uribe','2222 Eu Rd.','17198691500','1');
Insert into DBAUSER.CLIENTES (ID,CEDULA,NOMBRE,APELLIDO,DIRECCION,TELEFONO,TIPO_IDENTIFICACION_ID) values ('44','112847043','Lacey','alzate','Ap #2323921 Integer St.','19507320886','2');
Insert into DBAUSER.CLIENTES (ID,CEDULA,NOMBRE,APELLIDO,DIRECCION,TELEFONO,TIPO_IDENTIFICACION_ID) values ('45','112847044','Hamish','marin','P.O. Box 663, 4525 Consectetuer, Av.','11758686526','2');
Insert into DBAUSER.CLIENTES (ID,CEDULA,NOMBRE,APELLIDO,DIRECCION,TELEFONO,TIPO_IDENTIFICACION_ID) values ('46','112847045','Stone','grajales','Ap #1364126 Tincidunt St.','17947551353','1');
Insert into DBAUSER.CLIENTES (ID,CEDULA,NOMBRE,APELLIDO,DIRECCION,TELEFONO,TIPO_IDENTIFICACION_ID) values ('47','112847046','Hammett','grajales','9953 Blandit. Rd.','17027221982','2');
Insert into DBAUSER.CLIENTES (ID,CEDULA,NOMBRE,APELLIDO,DIRECCION,TELEFONO,TIPO_IDENTIFICACION_ID) values ('48','112847047','Nicholas','bedoya','Ap #5636287 Facilisi. Rd.','17288726189','2');
Insert into DBAUSER.CLIENTES (ID,CEDULA,NOMBRE,APELLIDO,DIRECCION,TELEFONO,TIPO_IDENTIFICACION_ID) values ('49','112847048','Branden','ramirez','2268767 Gravida. Avenue','13879148842','2');
Insert into DBAUSER.CLIENTES (ID,CEDULA,NOMBRE,APELLIDO,DIRECCION,TELEFONO,TIPO_IDENTIFICACION_ID) values ('50','112847049','Daphne','posada','9682196 Eu, 
Rd.','17214877839','2');
REM INSERTING into DBAUSER.DETALLE_FACTURAS
SET DEFINE OFF;
Insert into DBAUSER.DETALLE_FACTURAS (ID,FACTURA_ID,CODIGO_SERVICIO_EXTRA_ID,CANTIDAD,VALOR_UNITARIO) values ('46','23','10','4','9000');
Insert into DBAUSER.DETALLE_FACTURAS (ID,FACTURA_ID,CODIGO_SERVICIO_EXTRA_ID,CANTIDAD,VALOR_UNITARIO) values ('48','24','1','4','1000');
Insert into DBAUSER.DETALLE_FACTURAS (ID,FACTURA_ID,CODIGO_SERVICIO_EXTRA_ID,CANTIDAD,VALOR_UNITARIO) values ('50','27','1','2','4000');
Insert into DBAUSER.DETALLE_FACTURAS (ID,FACTURA_ID,CODIGO_SERVICIO_EXTRA_ID,CANTIDAD,VALOR_UNITARIO) values ('51','24','3','6','3000');
Insert into DBAUSER.DETALLE_FACTURAS (ID,FACTURA_ID,CODIGO_SERVICIO_EXTRA_ID,CANTIDAD,VALOR_UNITARIO) values ('52','27','4','1','90000');
Insert into DBAUSER.DETALLE_FACTURAS (ID,FACTURA_ID,CODIGO_SERVICIO_EXTRA_ID,CANTIDAD,VALOR_UNITARIO) values ('53','28','3','8','3000');
Insert into DBAUSER.DETALLE_FACTURAS (ID,FACTURA_ID,CODIGO_SERVICIO_EXTRA_ID,CANTIDAD,VALOR_UNITARIO) values ('54','29','8','4','4000');
Insert into DBAUSER.DETALLE_FACTURAS (ID,FACTURA_ID,CODIGO_SERVICIO_EXTRA_ID,CANTIDAD,VALOR_UNITARIO) values ('55','23','5','9','10000');
Insert into DBAUSER.DETALLE_FACTURAS (ID,FACTURA_ID,CODIGO_SERVICIO_EXTRA_ID,CANTIDAD,VALOR_UNITARIO) values ('56','35','1','5','6000');
Insert into DBAUSER.DETALLE_FACTURAS (ID,FACTURA_ID,CODIGO_SERVICIO_EXTRA_ID,CANTIDAD,VALOR_UNITARIO) values ('57','31','9','6','1000');
Insert into DBAUSER.DETALLE_FACTURAS (ID,FACTURA_ID,CODIGO_SERVICIO_EXTRA_ID,CANTIDAD,VALOR_UNITARIO) values ('58','27','10','9','10000');
Insert into DBAUSER.DETALLE_FACTURAS (ID,FACTURA_ID,CODIGO_SERVICIO_EXTRA_ID,CANTIDAD,VALOR_UNITARIO) values ('59','27','5','4','200');
Insert into DBAUSER.DETALLE_FACTURAS (ID,FACTURA_ID,CODIGO_SERVICIO_EXTRA_ID,CANTIDAD,VALOR_UNITARIO) values ('60','36','9','8','9000');
Insert into DBAUSER.DETALLE_FACTURAS (ID,FACTURA_ID,CODIGO_SERVICIO_EXTRA_ID,CANTIDAD,VALOR_UNITARIO) values ('61','26','7','1','6000');
Insert into DBAUSER.DETALLE_FACTURAS (ID,FACTURA_ID,CODIGO_SERVICIO_EXTRA_ID,CANTIDAD,VALOR_UNITARIO) values ('62','36','6','2','100');
Insert into DBAUSER.DETALLE_FACTURAS (ID,FACTURA_ID,CODIGO_SERVICIO_EXTRA_ID,CANTIDAD,VALOR_UNITARIO) values ('64','38','10','4','10000');
Insert into DBAUSER.DETALLE_FACTURAS (ID,FACTURA_ID,CODIGO_SERVICIO_EXTRA_ID,CANTIDAD,VALOR_UNITARIO) values ('65','39','5','3','4000');
Insert into DBAUSER.DETALLE_FACTURAS (ID,FACTURA_ID,CODIGO_SERVICIO_EXTRA_ID,CANTIDAD,VALOR_UNITARIO) values ('66','33','1','5','3000');
Insert into DBAUSER.DETALLE_FACTURAS (ID,FACTURA_ID,CODIGO_SERVICIO_EXTRA_ID,CANTIDAD,VALOR_UNITARIO) values ('67','24','10','8','10000');
Insert into DBAUSER.DETALLE_FACTURAS (ID,FACTURA_ID,CODIGO_SERVICIO_EXTRA_ID,CANTIDAD,VALOR_UNITARIO) values ('68','28','10','8','900');
Insert into DBAUSER.DETALLE_FACTURAS (ID,FACTURA_ID,CODIGO_SERVICIO_EXTRA_ID,CANTIDAD,VALOR_UNITARIO) values ('71','22','8','2','10000');
Insert into DBAUSER.DETALLE_FACTURAS (ID,FACTURA_ID,CODIGO_SERVICIO_EXTRA_ID,CANTIDAD,VALOR_UNITARIO) values ('72','22','8','1','2000');
Insert into DBAUSER.DETALLE_FACTURAS (ID,FACTURA_ID,CODIGO_SERVICIO_EXTRA_ID,CANTIDAD,VALOR_UNITARIO) values ('74','35','6','6','7000');
Insert into DBAUSER.DETALLE_FACTURAS (ID,FACTURA_ID,CODIGO_SERVICIO_EXTRA_ID,CANTIDAD,VALOR_UNITARIO) values ('75','41','2','5','6000');
Insert into DBAUSER.DETALLE_FACTURAS (ID,FACTURA_ID,CODIGO_SERVICIO_EXTRA_ID,CANTIDAD,VALOR_UNITARIO) values ('76','34','9','1','6000');
Insert into DBAUSER.DETALLE_FACTURAS (ID,FACTURA_ID,CODIGO_SERVICIO_EXTRA_ID,CANTIDAD,VALOR_UNITARIO) values ('77','27','9','4','5000');
Insert into DBAUSER.DETALLE_FACTURAS (ID,FACTURA_ID,CODIGO_SERVICIO_EXTRA_ID,CANTIDAD,VALOR_UNITARIO) values ('79','36','9','2','1000');
Insert into DBAUSER.DETALLE_FACTURAS (ID,FACTURA_ID,CODIGO_SERVICIO_EXTRA_ID,CANTIDAD,VALOR_UNITARIO) values ('80','24','9','6','9000');
Insert into DBAUSER.DETALLE_FACTURAS (ID,FACTURA_ID,CODIGO_SERVICIO_EXTRA_ID,CANTIDAD,VALOR_UNITARIO) values ('81','29','6','5','100000');
Insert into DBAUSER.DETALLE_FACTURAS (ID,FACTURA_ID,CODIGO_SERVICIO_EXTRA_ID,CANTIDAD,VALOR_UNITARIO) values ('82','34','10','6','40000');
Insert into DBAUSER.DETALLE_FACTURAS (ID,FACTURA_ID,CODIGO_SERVICIO_EXTRA_ID,CANTIDAD,VALOR_UNITARIO) values ('83','25','5','1','100000');
Insert into DBAUSER.DETALLE_FACTURAS (ID,FACTURA_ID,CODIGO_SERVICIO_EXTRA_ID,CANTIDAD,VALOR_UNITARIO) values ('84','29','1','8','50000');
Insert into DBAUSER.DETALLE_FACTURAS (ID,FACTURA_ID,CODIGO_SERVICIO_EXTRA_ID,CANTIDAD,VALOR_UNITARIO) values ('85','23','10','1','3000');
Insert into DBAUSER.DETALLE_FACTURAS (ID,FACTURA_ID,CODIGO_SERVICIO_EXTRA_ID,CANTIDAD,VALOR_UNITARIO) values ('87','38','3','10','7000');
Insert into DBAUSER.DETALLE_FACTURAS (ID,FACTURA_ID,CODIGO_SERVICIO_EXTRA_ID,CANTIDAD,VALOR_UNITARIO) values ('88','27','5','8','7000');
Insert into DBAUSER.DETALLE_FACTURAS (ID,FACTURA_ID,CODIGO_SERVICIO_EXTRA_ID,CANTIDAD,VALOR_UNITARIO) values ('89','33','9','9','4000');
Insert into DBAUSER.DETALLE_FACTURAS (ID,FACTURA_ID,CODIGO_SERVICIO_EXTRA_ID,CANTIDAD,VALOR_UNITARIO) values ('90','38','6','1','4000');
Insert into DBAUSER.DETALLE_FACTURAS (ID,FACTURA_ID,CODIGO_SERVICIO_EXTRA_ID,CANTIDAD,VALOR_UNITARIO) values ('91','26','9','9','5000');
Insert into DBAUSER.DETALLE_FACTURAS (ID,FACTURA_ID,CODIGO_SERVICIO_EXTRA_ID,CANTIDAD,VALOR_UNITARIO) values ('92','39','5','2','2000');
Insert into DBAUSER.DETALLE_FACTURAS (ID,FACTURA_ID,CODIGO_SERVICIO_EXTRA_ID,CANTIDAD,VALOR_UNITARIO) values ('93','22','1','9','6000');
Insert into DBAUSER.DETALLE_FACTURAS (ID,FACTURA_ID,CODIGO_SERVICIO_EXTRA_ID,CANTIDAD,VALOR_UNITARIO) values ('94','38','10','7','8000');
Insert into DBAUSER.DETALLE_FACTURAS (ID,FACTURA_ID,CODIGO_SERVICIO_EXTRA_ID,CANTIDAD,VALOR_UNITARIO) values ('95','34','9','10','9000');
Insert into DBAUSER.DETALLE_FACTURAS (ID,FACTURA_ID,CODIGO_SERVICIO_EXTRA_ID,CANTIDAD,VALOR_UNITARIO) values ('96','34','7','9','6000');
Insert into DBAUSER.DETALLE_FACTURAS (ID,FACTURA_ID,CODIGO_SERVICIO_EXTRA_ID,CANTIDAD,VALOR_UNITARIO) values ('97','38','10','10','700');
Insert into DBAUSER.DETALLE_FACTURAS (ID,FACTURA_ID,CODIGO_SERVICIO_EXTRA_ID,CANTIDAD,VALOR_UNITARIO) values ('98','38','10','25','5000');
Insert into DBAUSER.DETALLE_FACTURAS (ID,FACTURA_ID,CODIGO_SERVICIO_EXTRA_ID,CANTIDAD,VALOR_UNITARIO) values ('99','38','10','1','5500');
REM INSERTING into DBAUSER.FABRICANTES
SET DEFINE OFF;
Insert into DBAUSER.FABRICANTES (ID,NOMBRE_FABRICANTE) values ('1','full	car');
Insert into DBAUSER.FABRICANTES (ID,NOMBRE_FABRICANTE) values ('2','micro motor');
Insert into DBAUSER.FABRICANTES (ID,NOMBRE_FABRICANTE) values ('3','autos macarena');
REM INSERTING into DBAUSER.FACTURAS
SET DEFINE OFF;
Insert into DBAUSER.FACTURAS (ID,CODIGO_FACTURA,FECHA_FACTURA,VENDEDOR_ID,CLIENTE_ID,VALOR_SUBTOTAL,IMPUESTO_ID,VEHICULO_ID,VEHICULO_INTERCAMBIO_ID,VALOR_MATRICULA) values ('22','69009',to_date('03/10/17','DD/MM/RR'),'1','1','18000000','1','1','4','240000');
Insert into DBAUSER.FACTURAS (ID,CODIGO_FACTURA,FECHA_FACTURA,VENDEDOR_ID,CLIENTE_ID,VALOR_SUBTOTAL,IMPUESTO_ID,VEHICULO_ID,VEHICULO_INTERCAMBIO_ID,VALOR_MATRICULA) values ('23','90293',to_date('11/11/16','DD/MM/RR'),'4','43','18355000','1','3','3','250000');
Insert into DBAUSER.FACTURAS (ID,CODIGO_FACTURA,FECHA_FACTURA,VENDEDOR_ID,CLIENTE_ID,VALOR_SUBTOTAL,IMPUESTO_ID,VEHICULO_ID,VEHICULO_INTERCAMBIO_ID,VALOR_MATRICULA) values ('24','88041',to_date('01/12/17','DD/MM/RR'),'4','19','18710000','1','6','4','260000');
Insert into DBAUSER.FACTURAS (ID,CODIGO_FACTURA,FECHA_FACTURA,VENDEDOR_ID,CLIENTE_ID,VALOR_SUBTOTAL,IMPUESTO_ID,VEHICULO_ID,VEHICULO_INTERCAMBIO_ID,VALOR_MATRICULA) values ('25','70985',to_date('09/02/17','DD/MM/RR'),'3','18','19065000','1','5','2','270000');
Insert into DBAUSER.FACTURAS (ID,CODIGO_FACTURA,FECHA_FACTURA,VENDEDOR_ID,CLIENTE_ID,VALOR_SUBTOTAL,IMPUESTO_ID,VEHICULO_ID,VEHICULO_INTERCAMBIO_ID,VALOR_MATRICULA) values ('26','88345',to_date('08/06/17','DD/MM/RR'),'2','32','19420000','1','4','2','280000');
Insert into DBAUSER.FACTURAS (ID,CODIGO_FACTURA,FECHA_FACTURA,VENDEDOR_ID,CLIENTE_ID,VALOR_SUBTOTAL,IMPUESTO_ID,VEHICULO_ID,VEHICULO_INTERCAMBIO_ID,VALOR_MATRICULA) values ('27','97854',to_date('02/03/17','DD/MM/RR'),'4','31','19775000','1','5','3','290000');
Insert into DBAUSER.FACTURAS (ID,CODIGO_FACTURA,FECHA_FACTURA,VENDEDOR_ID,CLIENTE_ID,VALOR_SUBTOTAL,IMPUESTO_ID,VEHICULO_ID,VEHICULO_INTERCAMBIO_ID,VALOR_MATRICULA) values ('28','87147',to_date('12/02/16','DD/MM/RR'),'1','17','20130000','1','5','3','300000');
Insert into DBAUSER.FACTURAS (ID,CODIGO_FACTURA,FECHA_FACTURA,VENDEDOR_ID,CLIENTE_ID,VALOR_SUBTOTAL,IMPUESTO_ID,VEHICULO_ID,VEHICULO_INTERCAMBIO_ID,VALOR_MATRICULA) values ('29','50437',to_date('02/09/17','DD/MM/RR'),'3','24','20485000','1','3','3','310000');
Insert into DBAUSER.FACTURAS (ID,CODIGO_FACTURA,FECHA_FACTURA,VENDEDOR_ID,CLIENTE_ID,VALOR_SUBTOTAL,IMPUESTO_ID,VEHICULO_ID,VEHICULO_INTERCAMBIO_ID,VALOR_MATRICULA) values ('30','68303',to_date('06/09/17','DD/MM/RR'),'1','24','20840000','1','1','4','320000');
Insert into DBAUSER.FACTURAS (ID,CODIGO_FACTURA,FECHA_FACTURA,VENDEDOR_ID,CLIENTE_ID,VALOR_SUBTOTAL,IMPUESTO_ID,VEHICULO_ID,VEHICULO_INTERCAMBIO_ID,VALOR_MATRICULA) values ('31','43719',to_date('10/11/16','DD/MM/RR'),'4','35','21195000','1','6','1','330000');
Insert into DBAUSER.FACTURAS (ID,CODIGO_FACTURA,FECHA_FACTURA,VENDEDOR_ID,CLIENTE_ID,VALOR_SUBTOTAL,IMPUESTO_ID,VEHICULO_ID,VEHICULO_INTERCAMBIO_ID,VALOR_MATRICULA) values ('32','36498',to_date('08/08/17','DD/MM/RR'),'2','15','21550000','1','2','2','340000');
Insert into DBAUSER.FACTURAS (ID,CODIGO_FACTURA,FECHA_FACTURA,VENDEDOR_ID,CLIENTE_ID,VALOR_SUBTOTAL,IMPUESTO_ID,VEHICULO_ID,VEHICULO_INTERCAMBIO_ID,VALOR_MATRICULA) values ('33','32649',to_date('11/11/16','DD/MM/RR'),'2','10','21905000','1','2','4','350000');
Insert into DBAUSER.FACTURAS (ID,CODIGO_FACTURA,FECHA_FACTURA,VENDEDOR_ID,CLIENTE_ID,VALOR_SUBTOTAL,IMPUESTO_ID,VEHICULO_ID,VEHICULO_INTERCAMBIO_ID,VALOR_MATRICULA) values ('34','06546',to_date('01/07/17','DD/MM/RR'),'1','3','22260000','1','3','2','360000');
Insert into DBAUSER.FACTURAS (ID,CODIGO_FACTURA,FECHA_FACTURA,VENDEDOR_ID,CLIENTE_ID,VALOR_SUBTOTAL,IMPUESTO_ID,VEHICULO_ID,VEHICULO_INTERCAMBIO_ID,VALOR_MATRICULA) values ('35','93376',to_date('06/09/17','DD/MM/RR'),'4','24','22615000','1','4','4','370000');
Insert into DBAUSER.FACTURAS (ID,CODIGO_FACTURA,FECHA_FACTURA,VENDEDOR_ID,CLIENTE_ID,VALOR_SUBTOTAL,IMPUESTO_ID,VEHICULO_ID,VEHICULO_INTERCAMBIO_ID,VALOR_MATRICULA) values ('36','40462',to_date('08/06/17','DD/MM/RR'),'3','26','22970000','1','2','3','380000');
Insert into DBAUSER.FACTURAS (ID,CODIGO_FACTURA,FECHA_FACTURA,VENDEDOR_ID,CLIENTE_ID,VALOR_SUBTOTAL,IMPUESTO_ID,VEHICULO_ID,VEHICULO_INTERCAMBIO_ID,VALOR_MATRICULA) values ('37','76548',to_date('22/09/17','DD/MM/RR'),'4','50','23325000','1','6','3','390000');
Insert into DBAUSER.FACTURAS (ID,CODIGO_FACTURA,FECHA_FACTURA,VENDEDOR_ID,CLIENTE_ID,VALOR_SUBTOTAL,IMPUESTO_ID,VEHICULO_ID,VEHICULO_INTERCAMBIO_ID,VALOR_MATRICULA) values ('38','72166',to_date('08/05/17','DD/MM/RR'),'3','2','23680000','1','5','3','400000');
Insert into DBAUSER.FACTURAS (ID,CODIGO_FACTURA,FECHA_FACTURA,VENDEDOR_ID,CLIENTE_ID,VALOR_SUBTOTAL,IMPUESTO_ID,VEHICULO_ID,VEHICULO_INTERCAMBIO_ID,VALOR_MATRICULA) values ('39','48606',to_date('09/01/17','DD/MM/RR'),'2','38','24035000','1','4','3','410000');
Insert into DBAUSER.FACTURAS (ID,CODIGO_FACTURA,FECHA_FACTURA,VENDEDOR_ID,CLIENTE_ID,VALOR_SUBTOTAL,IMPUESTO_ID,VEHICULO_ID,VEHICULO_INTERCAMBIO_ID,VALOR_MATRICULA) values ('40','51799',to_date('06/09/17','DD/MM/RR'),'2','34','24390000','1','5','2','420000');
Insert into DBAUSER.FACTURAS (ID,CODIGO_FACTURA,FECHA_FACTURA,VENDEDOR_ID,CLIENTE_ID,VALOR_SUBTOTAL,IMPUESTO_ID,VEHICULO_ID,VEHICULO_INTERCAMBIO_ID,VALOR_MATRICULA) values ('41','15037',to_date('05/08/17','DD/MM/RR'),'1','28','24745000','1','1','3','430000');
Insert into DBAUSER.FACTURAS (ID,CODIGO_FACTURA,FECHA_FACTURA,VENDEDOR_ID,CLIENTE_ID,VALOR_SUBTOTAL,IMPUESTO_ID,VEHICULO_ID,VEHICULO_INTERCAMBIO_ID,VALOR_MATRICULA) values ('42','33300',to_date('08/08/17','DD/MM/RR'),'3','10','25100000','1','6','1','440000');
REM INSERTING into DBAUSER.HISTORIAL_VEHICULOS
SET DEFINE OFF;
Insert into DBAUSER.HISTORIAL_VEHICULOS (ID,VEHICULO_ID,ESTADO,OBSERVACIONES) values ('1','1','Nuevo','Ingreso Nuevo');
Insert into DBAUSER.HISTORIAL_VEHICULOS (ID,VEHICULO_ID,ESTADO,OBSERVACIONES) values ('2','2','Nuevo','Ingreso Nuevo');
Insert into DBAUSER.HISTORIAL_VEHICULOS (ID,VEHICULO_ID,ESTADO,OBSERVACIONES) values ('3','3','Nuevo','Ingreso Nuevo');
Insert into DBAUSER.HISTORIAL_VEHICULOS (ID,VEHICULO_ID,ESTADO,OBSERVACIONES) values ('4','3','Nuevo','Ingreso Nuevo');
Insert into DBAUSER.HISTORIAL_VEHICULOS (ID,VEHICULO_ID,ESTADO,OBSERVACIONES) values ('5','4','Nuevo','Ingreso Nuevo');
Insert into DBAUSER.HISTORIAL_VEHICULOS (ID,VEHICULO_ID,ESTADO,OBSERVACIONES) values ('6','21','Vendido','Vendido el auto');
Insert into DBAUSER.HISTORIAL_VEHICULOS (ID,VEHICULO_ID,ESTADO,OBSERVACIONES) values ('7','7','Vendido','Vendido el auto');
Insert into DBAUSER.HISTORIAL_VEHICULOS (ID,VEHICULO_ID,ESTADO,OBSERVACIONES) values ('8','12','Cambio','El auto fue puesto como cambio');
Insert into DBAUSER.HISTORIAL_VEHICULOS (ID,VEHICULO_ID,ESTADO,OBSERVACIONES) values ('9','3','Cambio','El auto fue puesto como cambio');
Insert into DBAUSER.HISTORIAL_VEHICULOS (ID,VEHICULO_ID,ESTADO,OBSERVACIONES) values ('10','12','Cambio','El auto fue puesto como cambio');
Insert into DBAUSER.HISTORIAL_VEHICULOS (ID,VEHICULO_ID,ESTADO,OBSERVACIONES) values ('11','3','Vendido','Vendido el auto');
Insert into DBAUSER.HISTORIAL_VEHICULOS (ID,VEHICULO_ID,ESTADO,OBSERVACIONES) values ('12','19','Nuevo','Ingreso Nuevo');
Insert into DBAUSER.HISTORIAL_VEHICULOS (ID,VEHICULO_ID,ESTADO,OBSERVACIONES) values ('13','20','Nuevo','Ingreso Nuevo');
Insert into DBAUSER.HISTORIAL_VEHICULOS (ID,VEHICULO_ID,ESTADO,OBSERVACIONES) values ('14','16','Nuevo','Ingreso Nuevo');
Insert into DBAUSER.HISTORIAL_VEHICULOS (ID,VEHICULO_ID,ESTADO,OBSERVACIONES) values ('15','12','Nuevo','Ingreso Nuevo');
Insert into DBAUSER.HISTORIAL_VEHICULOS (ID,VEHICULO_ID,ESTADO,OBSERVACIONES) values ('16','1','Cambio','El auto fue puesto como cambio');
Insert into DBAUSER.HISTORIAL_VEHICULOS (ID,VEHICULO_ID,ESTADO,OBSERVACIONES) values ('17','11','Cambio','El auto fue puesto como cambio');
Insert into DBAUSER.HISTORIAL_VEHICULOS (ID,VEHICULO_ID,ESTADO,OBSERVACIONES) values ('18','12','Vendido','Vendido el auto');
Insert into DBAUSER.HISTORIAL_VEHICULOS (ID,VEHICULO_ID,ESTADO,OBSERVACIONES) values ('19','19','Vendido','Vendido el auto');
Insert into DBAUSER.HISTORIAL_VEHICULOS (ID,VEHICULO_ID,ESTADO,OBSERVACIONES) values ('20','21','Vendido','Vendido el auto');
Insert into DBAUSER.HISTORIAL_VEHICULOS (ID,VEHICULO_ID,ESTADO,OBSERVACIONES) values ('21','17','Vendido','Vendido el auto');
Insert into DBAUSER.HISTORIAL_VEHICULOS (ID,VEHICULO_ID,ESTADO,OBSERVACIONES) values ('22','16','Vendido','Vendido el auto');
Insert into DBAUSER.HISTORIAL_VEHICULOS (ID,VEHICULO_ID,ESTADO,OBSERVACIONES) values ('23','1','Vendido','Vendido el auto');
Insert into DBAUSER.HISTORIAL_VEHICULOS (ID,VEHICULO_ID,ESTADO,OBSERVACIONES) values ('24','4','Vendido','Vendido el auto');
Insert into DBAUSER.HISTORIAL_VEHICULOS (ID,VEHICULO_ID,ESTADO,OBSERVACIONES) values ('25','5','Cambio','El auto fue puesto como cambio');
Insert into DBAUSER.HISTORIAL_VEHICULOS (ID,VEHICULO_ID,ESTADO,OBSERVACIONES) values ('26','6','Cambio','El auto fue puesto como cambio');
Insert into DBAUSER.HISTORIAL_VEHICULOS (ID,VEHICULO_ID,ESTADO,OBSERVACIONES) values ('27','7','Cambio','El auto fue puesto como cambio');
Insert into DBAUSER.HISTORIAL_VEHICULOS (ID,VEHICULO_ID,ESTADO,OBSERVACIONES) values ('28','7','Vendido','Vendido el auto');
Insert into DBAUSER.HISTORIAL_VEHICULOS (ID,VEHICULO_ID,ESTADO,OBSERVACIONES) values ('29','8','Cambio','El auto fue puesto como cambio');
Insert into DBAUSER.HISTORIAL_VEHICULOS (ID,VEHICULO_ID,ESTADO,OBSERVACIONES) values ('30','9','Vendido','Vendido el auto');
Insert into DBAUSER.HISTORIAL_VEHICULOS (ID,VEHICULO_ID,ESTADO,OBSERVACIONES) values ('31','13','Vendido','Vendido el auto');
Insert into DBAUSER.HISTORIAL_VEHICULOS (ID,VEHICULO_ID,ESTADO,OBSERVACIONES) values ('32','14','Cambio','El auto fue puesto como cambio');
Insert into DBAUSER.HISTORIAL_VEHICULOS (ID,VEHICULO_ID,ESTADO,OBSERVACIONES) values ('33','15','Cambio','El auto fue puesto como cambio');
Insert into DBAUSER.HISTORIAL_VEHICULOS (ID,VEHICULO_ID,ESTADO,OBSERVACIONES) values ('34','16','Cambio','El auto fue puesto como cambio');
Insert into DBAUSER.HISTORIAL_VEHICULOS (ID,VEHICULO_ID,ESTADO,OBSERVACIONES) values ('35','17','Vendido','Vendido el auto');
Insert into DBAUSER.HISTORIAL_VEHICULOS (ID,VEHICULO_ID,ESTADO,OBSERVACIONES) values ('36','18','Cambio','El auto fue puesto como cambio');
Insert into DBAUSER.HISTORIAL_VEHICULOS (ID,VEHICULO_ID,ESTADO,OBSERVACIONES) values ('37','8','Vendido','Vendido el auto');
Insert into DBAUSER.HISTORIAL_VEHICULOS (ID,VEHICULO_ID,ESTADO,OBSERVACIONES) values ('38','8','Nuevo','Ingreso Nuevo');
Insert into DBAUSER.HISTORIAL_VEHICULOS (ID,VEHICULO_ID,ESTADO,OBSERVACIONES) values ('39','9','Vendido','Vendido el auto');
Insert into DBAUSER.HISTORIAL_VEHICULOS (ID,VEHICULO_ID,ESTADO,OBSERVACIONES) values ('40','12','Cambio','El auto fue puesto como cambio');
Insert into DBAUSER.HISTORIAL_VEHICULOS (ID,VEHICULO_ID,ESTADO,OBSERVACIONES) values ('41','2','Vendido','Vendido el auto');
Insert into DBAUSER.HISTORIAL_VEHICULOS (ID,VEHICULO_ID,ESTADO,OBSERVACIONES) values ('42','21','Vendido','Vendido el auto');
Insert into DBAUSER.HISTORIAL_VEHICULOS (ID,VEHICULO_ID,ESTADO,OBSERVACIONES) values ('43','4','Vendido','Vendido el auto');
Insert into DBAUSER.HISTORIAL_VEHICULOS (ID,VEHICULO_ID,ESTADO,OBSERVACIONES) values ('44','5','Cambio','El auto fue puesto como cambio');
REM INSERTING into DBAUSER.IMPUESTOS
SET DEFINE OFF;
Insert into DBAUSER.IMPUESTOS (ID,NOMBRE_IMPUESTO,VALOR_IMPUESTO) values ('1','taxes','7');
REM INSERTING into DBAUSER.MARCAS
SET DEFINE OFF;
Insert into DBAUSER.MARCAS (ID,MARCA,MODELO) values ('1','chevrolet','ultimate');
Insert into DBAUSER.MARCAS (ID,MARCA,MODELO) values ('2','nissan','panda');
Insert into DBAUSER.MARCAS (ID,MARCA,MODELO) values ('3','hiunday','cx');
Insert into DBAUSER.MARCAS (ID,MARCA,MODELO) values ('4','kia','optima');
Insert into DBAUSER.MARCAS (ID,MARCA,MODELO) values ('5','chevrolet','revolution');
Insert into DBAUSER.MARCAS (ID,MARCA,MODELO) values ('6','renault','clio');
REM INSERTING into DBAUSER.PROVEEDORES
SET DEFINE OFF;
Insert into DBAUSER.PROVEEDORES (ID,CODIGO_PROVEEDOR,NOMBRE_PROVEEDOR) values ('21','856','Tarik');
Insert into DBAUSER.PROVEEDORES (ID,CODIGO_PROVEEDOR,NOMBRE_PROVEEDOR) values ('22','565','Cole');
Insert into DBAUSER.PROVEEDORES (ID,CODIGO_PROVEEDOR,NOMBRE_PROVEEDOR) values ('23','243','Colin');
Insert into DBAUSER.PROVEEDORES (ID,CODIGO_PROVEEDOR,NOMBRE_PROVEEDOR) values ('24','238','Elvis');
Insert into DBAUSER.PROVEEDORES (ID,CODIGO_PROVEEDOR,NOMBRE_PROVEEDOR) values ('25','633','Tate');
Insert into DBAUSER.PROVEEDORES (ID,CODIGO_PROVEEDOR,NOMBRE_PROVEEDOR) values ('26','344','Hop');
Insert into DBAUSER.PROVEEDORES (ID,CODIGO_PROVEEDOR,NOMBRE_PROVEEDOR) values ('27','534','Xander');
Insert into DBAUSER.PROVEEDORES (ID,CODIGO_PROVEEDOR,NOMBRE_PROVEEDOR) values ('28','734','Harlan');
Insert into DBAUSER.PROVEEDORES (ID,CODIGO_PROVEEDOR,NOMBRE_PROVEEDOR) values ('29','923','Macaulay');
Insert into DBAUSER.PROVEEDORES (ID,CODIGO_PROVEEDOR,NOMBRE_PROVEEDOR) values ('30','123','Coby');
Insert into DBAUSER.PROVEEDORES (ID,CODIGO_PROVEEDOR,NOMBRE_PROVEEDOR) values ('1','856','Tarik');
Insert into DBAUSER.PROVEEDORES (ID,CODIGO_PROVEEDOR,NOMBRE_PROVEEDOR) values ('2','565','Cole');
Insert into DBAUSER.PROVEEDORES (ID,CODIGO_PROVEEDOR,NOMBRE_PROVEEDOR) values ('3','243','Colin');
Insert into DBAUSER.PROVEEDORES (ID,CODIGO_PROVEEDOR,NOMBRE_PROVEEDOR) values ('4','238','Elvis');
Insert into DBAUSER.PROVEEDORES (ID,CODIGO_PROVEEDOR,NOMBRE_PROVEEDOR) values ('5','633','Tate');
Insert into DBAUSER.PROVEEDORES (ID,CODIGO_PROVEEDOR,NOMBRE_PROVEEDOR) values ('6','344','Hop');
Insert into DBAUSER.PROVEEDORES (ID,CODIGO_PROVEEDOR,NOMBRE_PROVEEDOR) values ('7','534','Xander');
Insert into DBAUSER.PROVEEDORES (ID,CODIGO_PROVEEDOR,NOMBRE_PROVEEDOR) values ('8','734','Harlan');
Insert into DBAUSER.PROVEEDORES (ID,CODIGO_PROVEEDOR,NOMBRE_PROVEEDOR) values ('9','923','Macaulay');
Insert into DBAUSER.PROVEEDORES (ID,CODIGO_PROVEEDOR,NOMBRE_PROVEEDOR) values ('10','123','Coby');
REM INSERTING into DBAUSER.SERVICIOS_EXTRA
SET DEFINE OFF;
Insert into DBAUSER.SERVICIOS_EXTRA (ID,CODIGO,NOMBRE,COSTO,PROVEEDOR_ID,VALOR_VENTA,UNIDADES_DISPONIBLES) values ('1','1663','Finn','93649','1','8545182','30');
Insert into DBAUSER.SERVICIOS_EXTRA (ID,CODIGO,NOMBRE,COSTO,PROVEEDOR_ID,VALOR_VENTA,UNIDADES_DISPONIBLES) values ('2','1638','Grant','44102','2','161954','30');
Insert into DBAUSER.SERVICIOS_EXTRA (ID,CODIGO,NOMBRE,COSTO,PROVEEDOR_ID,VALOR_VENTA,UNIDADES_DISPONIBLES) values ('3','1665','Drake','79533','3','5848199','30');
Insert into DBAUSER.SERVICIOS_EXTRA (ID,CODIGO,NOMBRE,COSTO,PROVEEDOR_ID,VALOR_VENTA,UNIDADES_DISPONIBLES) values ('4','1480','Allistair','41471','3','375749','30');
Insert into DBAUSER.SERVICIOS_EXTRA (ID,CODIGO,NOMBRE,COSTO,PROVEEDOR_ID,VALOR_VENTA,UNIDADES_DISPONIBLES) values ('5','369','Fletcher','78539','9','3395295','30');
Insert into DBAUSER.SERVICIOS_EXTRA (ID,CODIGO,NOMBRE,COSTO,PROVEEDOR_ID,VALOR_VENTA,UNIDADES_DISPONIBLES) values ('6','1837','Hall','96944','10','5799995','30');
Insert into DBAUSER.SERVICIOS_EXTRA (ID,CODIGO,NOMBRE,COSTO,PROVEEDOR_ID,VALOR_VENTA,UNIDADES_DISPONIBLES) values ('7','1348','Stephen','94214','2','4769562','30');
Insert into DBAUSER.SERVICIOS_EXTRA (ID,CODIGO,NOMBRE,COSTO,PROVEEDOR_ID,VALOR_VENTA,UNIDADES_DISPONIBLES) values ('8','724','Cole','80819','8','6933155','30');
Insert into DBAUSER.SERVICIOS_EXTRA (ID,CODIGO,NOMBRE,COSTO,PROVEEDOR_ID,VALOR_VENTA,UNIDADES_DISPONIBLES) values ('9','314','Thaddeus','92595','3','5703616','30');
Insert into DBAUSER.SERVICIOS_EXTRA (ID,CODIGO,NOMBRE,COSTO,PROVEEDOR_ID,VALOR_VENTA,UNIDADES_DISPONIBLES) values ('10','665','Merritt','97865','4','9490597','5');
Insert into DBAUSER.SERVICIOS_EXTRA (ID,CODIGO,NOMBRE,COSTO,PROVEEDOR_ID,VALOR_VENTA,UNIDADES_DISPONIBLES) values ('11','252','Ignatius','51483','4','3867624','4');
Insert into DBAUSER.SERVICIOS_EXTRA (ID,CODIGO,NOMBRE,COSTO,PROVEEDOR_ID,VALOR_VENTA,UNIDADES_DISPONIBLES) values ('12','1809','Jelani','27288','3','9933827','30');
Insert into DBAUSER.SERVICIOS_EXTRA (ID,CODIGO,NOMBRE,COSTO,PROVEEDOR_ID,VALOR_VENTA,UNIDADES_DISPONIBLES) values ('13','1073','Aladdin','12808','9','2189821','30');
Insert into DBAUSER.SERVICIOS_EXTRA (ID,CODIGO,NOMBRE,COSTO,PROVEEDOR_ID,VALOR_VENTA,UNIDADES_DISPONIBLES) values ('14','1490','Quamar','23348','8','7304940','30');
Insert into DBAUSER.SERVICIOS_EXTRA (ID,CODIGO,NOMBRE,COSTO,PROVEEDOR_ID,VALOR_VENTA,UNIDADES_DISPONIBLES) values ('15','386','Carson','70825','7','4403589','30');
Insert into DBAUSER.SERVICIOS_EXTRA (ID,CODIGO,NOMBRE,COSTO,PROVEEDOR_ID,VALOR_VENTA,UNIDADES_DISPONIBLES) values ('16','1992','Micah','81046','4','2846705','30');
Insert into DBAUSER.SERVICIOS_EXTRA (ID,CODIGO,NOMBRE,COSTO,PROVEEDOR_ID,VALOR_VENTA,UNIDADES_DISPONIBLES) values ('17','870','Thor','50458','2','5550905','30');
Insert into DBAUSER.SERVICIOS_EXTRA (ID,CODIGO,NOMBRE,COSTO,PROVEEDOR_ID,VALOR_VENTA,UNIDADES_DISPONIBLES) values ('18','1797','Gregory','66790','6','2693490','30');
Insert into DBAUSER.SERVICIOS_EXTRA (ID,CODIGO,NOMBRE,COSTO,PROVEEDOR_ID,VALOR_VENTA,UNIDADES_DISPONIBLES) values ('19','1819','Kennan','8298','2','3226179','30');
Insert into DBAUSER.SERVICIOS_EXTRA (ID,CODIGO,NOMBRE,COSTO,PROVEEDOR_ID,VALOR_VENTA,UNIDADES_DISPONIBLES) values ('20','1166','Harding','55892','6','3775098','30');
Insert into DBAUSER.SERVICIOS_EXTRA (ID,CODIGO,NOMBRE,COSTO,PROVEEDOR_ID,VALOR_VENTA,UNIDADES_DISPONIBLES) values ('21','1371','Baker','60436','3','3471257','30');
Insert into DBAUSER.SERVICIOS_EXTRA (ID,CODIGO,NOMBRE,COSTO,PROVEEDOR_ID,VALOR_VENTA,UNIDADES_DISPONIBLES) values ('22','975','Rogan','80495','4','2540669','30');
Insert into DBAUSER.SERVICIOS_EXTRA (ID,CODIGO,NOMBRE,COSTO,PROVEEDOR_ID,VALOR_VENTA,UNIDADES_DISPONIBLES) values ('23','1221','Rigel','1008','9','4214244','30');
Insert into DBAUSER.SERVICIOS_EXTRA (ID,CODIGO,NOMBRE,COSTO,PROVEEDOR_ID,VALOR_VENTA,UNIDADES_DISPONIBLES) values ('24','1360','Calvin','11764','8','6949923','30');
Insert into DBAUSER.SERVICIOS_EXTRA (ID,CODIGO,NOMBRE,COSTO,PROVEEDOR_ID,VALOR_VENTA,UNIDADES_DISPONIBLES) values ('25','1038','Paul','5312','5','372577','30');
Insert into DBAUSER.SERVICIOS_EXTRA (ID,CODIGO,NOMBRE,COSTO,PROVEEDOR_ID,VALOR_VENTA,UNIDADES_DISPONIBLES) values ('26','468','Lewis','36587','6','2918100','30');
Insert into DBAUSER.SERVICIOS_EXTRA (ID,CODIGO,NOMBRE,COSTO,PROVEEDOR_ID,VALOR_VENTA,UNIDADES_DISPONIBLES) values ('27','1287','Keaton','52650','1','7653294','30');
Insert into DBAUSER.SERVICIOS_EXTRA (ID,CODIGO,NOMBRE,COSTO,PROVEEDOR_ID,VALOR_VENTA,UNIDADES_DISPONIBLES) values ('28','1310','Akeem','48137','1','2182079','30');
Insert into DBAUSER.SERVICIOS_EXTRA (ID,CODIGO,NOMBRE,COSTO,PROVEEDOR_ID,VALOR_VENTA,UNIDADES_DISPONIBLES) values ('29','777','Gregory','99197','6','1482255','30');
Insert into DBAUSER.SERVICIOS_EXTRA (ID,CODIGO,NOMBRE,COSTO,PROVEEDOR_ID,VALOR_VENTA,UNIDADES_DISPONIBLES) values ('30','1908','Hedley','53550','6','9147530','30');
Insert into DBAUSER.SERVICIOS_EXTRA (ID,CODIGO,NOMBRE,COSTO,PROVEEDOR_ID,VALOR_VENTA,UNIDADES_DISPONIBLES) values ('31','385','Perry','25114','3','3515670','30');
Insert into DBAUSER.SERVICIOS_EXTRA (ID,CODIGO,NOMBRE,COSTO,PROVEEDOR_ID,VALOR_VENTA,UNIDADES_DISPONIBLES) values ('32','655','Jordan','68344','2','9923052','30');
Insert into DBAUSER.SERVICIOS_EXTRA (ID,CODIGO,NOMBRE,COSTO,PROVEEDOR_ID,VALOR_VENTA,UNIDADES_DISPONIBLES) values ('33','1643','Tobias','51088','9','36777','30');
Insert into DBAUSER.SERVICIOS_EXTRA (ID,CODIGO,NOMBRE,COSTO,PROVEEDOR_ID,VALOR_VENTA,UNIDADES_DISPONIBLES) values ('34','1190','Phelan','84447','4','8678564','30');
Insert into DBAUSER.SERVICIOS_EXTRA (ID,CODIGO,NOMBRE,COSTO,PROVEEDOR_ID,VALOR_VENTA,UNIDADES_DISPONIBLES) values ('35','1195','Branden','82312','6','5075870','30');
Insert into DBAUSER.SERVICIOS_EXTRA (ID,CODIGO,NOMBRE,COSTO,PROVEEDOR_ID,VALOR_VENTA,UNIDADES_DISPONIBLES) values ('36','250','Asher','27659','1','2565446','30');
Insert into DBAUSER.SERVICIOS_EXTRA (ID,CODIGO,NOMBRE,COSTO,PROVEEDOR_ID,VALOR_VENTA,UNIDADES_DISPONIBLES) values ('37','1163','Keegan','46418','3','5185747','30');
Insert into DBAUSER.SERVICIOS_EXTRA (ID,CODIGO,NOMBRE,COSTO,PROVEEDOR_ID,VALOR_VENTA,UNIDADES_DISPONIBLES) values ('38','1228','Leo','7715','1','7778328','30');
Insert into DBAUSER.SERVICIOS_EXTRA (ID,CODIGO,NOMBRE,COSTO,PROVEEDOR_ID,VALOR_VENTA,UNIDADES_DISPONIBLES) values ('39','1401','Armand','46888','1','7938066','30');
Insert into DBAUSER.SERVICIOS_EXTRA (ID,CODIGO,NOMBRE,COSTO,PROVEEDOR_ID,VALOR_VENTA,UNIDADES_DISPONIBLES) values ('40','822','Jared','33772','4','5724582','30');
Insert into DBAUSER.SERVICIOS_EXTRA (ID,CODIGO,NOMBRE,COSTO,PROVEEDOR_ID,VALOR_VENTA,UNIDADES_DISPONIBLES) values ('41','375','Yasir','68225','5','181660','30');
Insert into DBAUSER.SERVICIOS_EXTRA (ID,CODIGO,NOMBRE,COSTO,PROVEEDOR_ID,VALOR_VENTA,UNIDADES_DISPONIBLES) values ('42','1853','Barrett','63657','1','1926070','30');
Insert into DBAUSER.SERVICIOS_EXTRA (ID,CODIGO,NOMBRE,COSTO,PROVEEDOR_ID,VALOR_VENTA,UNIDADES_DISPONIBLES) values ('43','1414','Blaze','98825','2','7370227','30');
Insert into DBAUSER.SERVICIOS_EXTRA (ID,CODIGO,NOMBRE,COSTO,PROVEEDOR_ID,VALOR_VENTA,UNIDADES_DISPONIBLES) values ('44','282','Noah','26948','8','9054350','30');
Insert into DBAUSER.SERVICIOS_EXTRA (ID,CODIGO,NOMBRE,COSTO,PROVEEDOR_ID,VALOR_VENTA,UNIDADES_DISPONIBLES) values ('51','1222','JULI','33333','1','23333','30');
Insert into DBAUSER.SERVICIOS_EXTRA (ID,CODIGO,NOMBRE,COSTO,PROVEEDOR_ID,VALOR_VENTA,UNIDADES_DISPONIBLES) values ('50','1524','Julian','81681','1','937550','30');
REM INSERTING into DBAUSER.TIPO_IDENTIFICACIONES
SET DEFINE OFF;
Insert into DBAUSER.TIPO_IDENTIFICACIONES (ID,TIPO_IDENTIFICACION) values ('1','cedula extranjeria');
Insert into DBAUSER.TIPO_IDENTIFICACIONES (ID,TIPO_IDENTIFICACION) values ('2','cedula ciudadania');
REM INSERTING into DBAUSER.VEHICULOS
SET DEFINE OFF;
Insert into DBAUSER.VEHICULOS (ID,PLACA,"AÑO",FABRICANTE_ID,VALOR,TIPO,MARCA_ID) values ('1','RJB 722','1999','2','17000000','nuevo','2');
Insert into DBAUSER.VEHICULOS (ID,PLACA,"AÑO",FABRICANTE_ID,VALOR,TIPO,MARCA_ID) values ('2','UZA 297','2000','3','17470000','nuevo','1');
Insert into DBAUSER.VEHICULOS (ID,PLACA,"AÑO",FABRICANTE_ID,VALOR,TIPO,MARCA_ID) values ('3','FVV 419','2001','2','17940000','usado','1');
Insert into DBAUSER.VEHICULOS (ID,PLACA,"AÑO",FABRICANTE_ID,VALOR,TIPO,MARCA_ID) values ('4','EHF 791','2002','3','18410000','usado','6');
Insert into DBAUSER.VEHICULOS (ID,PLACA,"AÑO",FABRICANTE_ID,VALOR,TIPO,MARCA_ID) values ('5','MPZ 968','2003','2','18880000','usado','3');
Insert into DBAUSER.VEHICULOS (ID,PLACA,"AÑO",FABRICANTE_ID,VALOR,TIPO,MARCA_ID) values ('6','RIB 193','2004','1','19350000','usado','3');
Insert into DBAUSER.VEHICULOS (ID,PLACA,"AÑO",FABRICANTE_ID,VALOR,TIPO,MARCA_ID) values ('7','NSL 881','2005','1','19820000','nuevo','4');
Insert into DBAUSER.VEHICULOS (ID,PLACA,"AÑO",FABRICANTE_ID,VALOR,TIPO,MARCA_ID) values ('8','SXZ 984','2006','3','20290000','usado','2');
Insert into DBAUSER.VEHICULOS (ID,PLACA,"AÑO",FABRICANTE_ID,VALOR,TIPO,MARCA_ID) values ('9','YKY 462','2007','2','20760000','usado','6');
Insert into DBAUSER.VEHICULOS (ID,PLACA,"AÑO",FABRICANTE_ID,VALOR,TIPO,MARCA_ID) values ('10','BYY 576','2008','2','21230000','nuevo','6');
Insert into DBAUSER.VEHICULOS (ID,PLACA,"AÑO",FABRICANTE_ID,VALOR,TIPO,MARCA_ID) values ('11','PFR 031','2009','3','21700000','nuevo','1');
Insert into DBAUSER.VEHICULOS (ID,PLACA,"AÑO",FABRICANTE_ID,VALOR,TIPO,MARCA_ID) values ('12','UCJ 552','2010','3','22170000','usado','6');
Insert into DBAUSER.VEHICULOS (ID,PLACA,"AÑO",FABRICANTE_ID,VALOR,TIPO,MARCA_ID) values ('13','KIT 395','2011','2','22640000','usado','1');
Insert into DBAUSER.VEHICULOS (ID,PLACA,"AÑO",FABRICANTE_ID,VALOR,TIPO,MARCA_ID) values ('14','IJO 756','2012','2','23110000','nuevo','4');
Insert into DBAUSER.VEHICULOS (ID,PLACA,"AÑO",FABRICANTE_ID,VALOR,TIPO,MARCA_ID) values ('15','OGG 476','2013','1','23580000','usado','2');
Insert into DBAUSER.VEHICULOS (ID,PLACA,"AÑO",FABRICANTE_ID,VALOR,TIPO,MARCA_ID) values ('16','HGX 302','2014','1','24050000','usado','4');
Insert into DBAUSER.VEHICULOS (ID,PLACA,"AÑO",FABRICANTE_ID,VALOR,TIPO,MARCA_ID) values ('17','JVQ 423','2015','1','24520000','nuevo','2');
Insert into DBAUSER.VEHICULOS (ID,PLACA,"AÑO",FABRICANTE_ID,VALOR,TIPO,MARCA_ID) values ('18','YTT 574','2016','2','24990000','nuevo','1');
Insert into DBAUSER.VEHICULOS (ID,PLACA,"AÑO",FABRICANTE_ID,VALOR,TIPO,MARCA_ID) values ('19','UQX 050','2017','2','25460000','usado','3');
Insert into DBAUSER.VEHICULOS (ID,PLACA,"AÑO",FABRICANTE_ID,VALOR,TIPO,MARCA_ID) values ('20','UEQ 017','2018','3','25930000','usado','4');
Insert into DBAUSER.VEHICULOS (ID,PLACA,"AÑO",FABRICANTE_ID,VALOR,TIPO,MARCA_ID) values ('21','HAU 279','2019','2','26400000','usado','2');
REM INSERTING into DBAUSER.VEHICULOS_INTERCAMBIO
SET DEFINE OFF;
Insert into DBAUSER.VEHICULOS_INTERCAMBIO (ID,PLACA,ANO,VALOR,MARCA_ID,FABRICANTE_ID) values ('1','H4F-5G0','2002','10000000','1','5');
Insert into DBAUSER.VEHICULOS_INTERCAMBIO (ID,PLACA,ANO,VALOR,MARCA_ID,FABRICANTE_ID) values ('2','M2B-6Y7','2006','40000000','2','1');
Insert into DBAUSER.VEHICULOS_INTERCAMBIO (ID,PLACA,ANO,VALOR,MARCA_ID,FABRICANTE_ID) values ('3','U2V-9P0','2014','50000000','1','2');
Insert into DBAUSER.VEHICULOS_INTERCAMBIO (ID,PLACA,ANO,VALOR,MARCA_ID,FABRICANTE_ID) values ('4','C8M-6Y9','2009','1000000','1','2');
Insert into DBAUSER.VEHICULOS_INTERCAMBIO (ID,PLACA,ANO,VALOR,MARCA_ID,FABRICANTE_ID) values ('5','H2C-2L9','2009','30000000','1','2');
Insert into DBAUSER.VEHICULOS_INTERCAMBIO (ID,PLACA,ANO,VALOR,MARCA_ID,FABRICANTE_ID) values ('6','E8G-3N5','2003','100000','2','2');
Insert into DBAUSER.VEHICULOS_INTERCAMBIO (ID,PLACA,ANO,VALOR,MARCA_ID,FABRICANTE_ID) values ('7','V1S-9X2','2016','10000000','3','3');
Insert into DBAUSER.VEHICULOS_INTERCAMBIO (ID,PLACA,ANO,VALOR,MARCA_ID,FABRICANTE_ID) values ('8','S9V-1W1','2003','600000','5','2');
Insert into DBAUSER.VEHICULOS_INTERCAMBIO (ID,PLACA,ANO,VALOR,MARCA_ID,FABRICANTE_ID) values ('9','N2K-2K3','2014','1000000','6','2');
Insert into DBAUSER.VEHICULOS_INTERCAMBIO (ID,PLACA,ANO,VALOR,MARCA_ID,FABRICANTE_ID) values ('10','G2K-0V9','2011','7000000','1','1');
Insert into DBAUSER.VEHICULOS_INTERCAMBIO (ID,PLACA,ANO,VALOR,MARCA_ID,FABRICANTE_ID) values ('11','G7P-8E9','2013','6000000','1','1');
Insert into DBAUSER.VEHICULOS_INTERCAMBIO (ID,PLACA,ANO,VALOR,MARCA_ID,FABRICANTE_ID) values ('12','V7F-2I6','2004','389789789','2','1');
Insert into DBAUSER.VEHICULOS_INTERCAMBIO (ID,PLACA,ANO,VALOR,MARCA_ID,FABRICANTE_ID) values ('13','H6U-6J8','2002','97867','3','1');
Insert into DBAUSER.VEHICULOS_INTERCAMBIO (ID,PLACA,ANO,VALOR,MARCA_ID,FABRICANTE_ID) values ('14','I4L-6T8','2012','154646','2','3');
Insert into DBAUSER.VEHICULOS_INTERCAMBIO (ID,PLACA,ANO,VALOR,MARCA_ID,FABRICANTE_ID) values ('15','G9Y-8E9','2002','9634535','3','1');
Insert into DBAUSER.VEHICULOS_INTERCAMBIO (ID,PLACA,ANO,VALOR,MARCA_ID,FABRICANTE_ID) values ('16','L1V-3O8','2010','6345432','5','1');
Insert into DBAUSER.VEHICULOS_INTERCAMBIO (ID,PLACA,ANO,VALOR,MARCA_ID,FABRICANTE_ID) values ('17','J5B-8I0','2000','499999','5','3');
Insert into DBAUSER.VEHICULOS_INTERCAMBIO (ID,PLACA,ANO,VALOR,MARCA_ID,FABRICANTE_ID) values ('18','S9X-4S7','2017','866766','6','1');
Insert into DBAUSER.VEHICULOS_INTERCAMBIO (ID,PLACA,ANO,VALOR,MARCA_ID,FABRICANTE_ID) values ('19','R4W-6C8','2000','4445666','1','1');
Insert into DBAUSER.VEHICULOS_INTERCAMBIO (ID,PLACA,ANO,VALOR,MARCA_ID,FABRICANTE_ID) values ('20','C7A-7F9','2016','400000','1','1');
Insert into DBAUSER.VEHICULOS_INTERCAMBIO (ID,PLACA,ANO,VALOR,MARCA_ID,FABRICANTE_ID) values ('21','V4B-6Q8','2008','13423455','4','3');
Insert into DBAUSER.VEHICULOS_INTERCAMBIO (ID,PLACA,ANO,VALOR,MARCA_ID,FABRICANTE_ID) values ('22','Q0D-8G6','2013','8667689','4','2');
Insert into DBAUSER.VEHICULOS_INTERCAMBIO (ID,PLACA,ANO,VALOR,MARCA_ID,FABRICANTE_ID) values ('23','C2P-6X8','2011','657564','5','1');
Insert into DBAUSER.VEHICULOS_INTERCAMBIO (ID,PLACA,ANO,VALOR,MARCA_ID,FABRICANTE_ID) values ('24','R9V-1F6','2009','134535','4','2');
Insert into DBAUSER.VEHICULOS_INTERCAMBIO (ID,PLACA,ANO,VALOR,MARCA_ID,FABRICANTE_ID) values ('25','Q5Q-1F9','2002','1345223','2','2');
Insert into DBAUSER.VEHICULOS_INTERCAMBIO (ID,PLACA,ANO,VALOR,MARCA_ID,FABRICANTE_ID) values ('26','M1O-4P4','2005','64545778','1','2');
Insert into DBAUSER.VEHICULOS_INTERCAMBIO (ID,PLACA,ANO,VALOR,MARCA_ID,FABRICANTE_ID) values ('27','K6W-2W0','2017','976889','3','3');
Insert into DBAUSER.VEHICULOS_INTERCAMBIO (ID,PLACA,ANO,VALOR,MARCA_ID,FABRICANTE_ID) values ('28','V1Q-3V1','2017','653453','1','1');
Insert into DBAUSER.VEHICULOS_INTERCAMBIO (ID,PLACA,ANO,VALOR,MARCA_ID,FABRICANTE_ID) values ('29','T9F-7S2','2005','7345467','3','2');
Insert into DBAUSER.VEHICULOS_INTERCAMBIO (ID,PLACA,ANO,VALOR,MARCA_ID,FABRICANTE_ID) values ('30','Q8E-6W1','2017','2898090','4','3');
Insert into DBAUSER.VEHICULOS_INTERCAMBIO (ID,PLACA,ANO,VALOR,MARCA_ID,FABRICANTE_ID) values ('31','Y3G-0G5','2018','50000','5','2');
Insert into DBAUSER.VEHICULOS_INTERCAMBIO (ID,PLACA,ANO,VALOR,MARCA_ID,FABRICANTE_ID) values ('32','B9K-8Q5','2000','1000067','6','1');
Insert into DBAUSER.VEHICULOS_INTERCAMBIO (ID,PLACA,ANO,VALOR,MARCA_ID,FABRICANTE_ID) values ('33','N2K-4J6','2006','2786900','6','1');
Insert into DBAUSER.VEHICULOS_INTERCAMBIO (ID,PLACA,ANO,VALOR,MARCA_ID,FABRICANTE_ID) values ('34','M2Z-7E6','2012','77866785','6','1');
Insert into DBAUSER.VEHICULOS_INTERCAMBIO (ID,PLACA,ANO,VALOR,MARCA_ID,FABRICANTE_ID) values ('35','O2V-2M3','2012','1000000','6','1');
Insert into DBAUSER.VEHICULOS_INTERCAMBIO (ID,PLACA,ANO,VALOR,MARCA_ID,FABRICANTE_ID) values ('36','A2E-9J3','2005','9657890','4','2');
Insert into DBAUSER.VEHICULOS_INTERCAMBIO (ID,PLACA,ANO,VALOR,MARCA_ID,FABRICANTE_ID) values ('37','C5C-1T0','2013','2078979','2','2');
Insert into DBAUSER.VEHICULOS_INTERCAMBIO (ID,PLACA,ANO,VALOR,MARCA_ID,FABRICANTE_ID) values ('38','V9A-3A1','2017','1078987','2','3');
Insert into DBAUSER.VEHICULOS_INTERCAMBIO (ID,PLACA,ANO,VALOR,MARCA_ID,FABRICANTE_ID) values ('39','T7H-6E9','2002','87897969','4','2');
Insert into DBAUSER.VEHICULOS_INTERCAMBIO (ID,PLACA,ANO,VALOR,MARCA_ID,FABRICANTE_ID) values ('40','H8I-3L4','2010','867868','4','3');
Insert into DBAUSER.VEHICULOS_INTERCAMBIO (ID,PLACA,ANO,VALOR,MARCA_ID,FABRICANTE_ID) values ('41','H5Z-1A9','2013','300000','2','3');
Insert into DBAUSER.VEHICULOS_INTERCAMBIO (ID,PLACA,ANO,VALOR,MARCA_ID,FABRICANTE_ID) values ('42','R9G-6U1','2017','8000000','6','3');
Insert into DBAUSER.VEHICULOS_INTERCAMBIO (ID,PLACA,ANO,VALOR,MARCA_ID,FABRICANTE_ID) values ('43','J0L-7B5','2013','279789000','1','3');
Insert into DBAUSER.VEHICULOS_INTERCAMBIO (ID,PLACA,ANO,VALOR,MARCA_ID,FABRICANTE_ID) values ('44','L6H-0R4','2011','10789890','3','3');
Insert into DBAUSER.VEHICULOS_INTERCAMBIO (ID,PLACA,ANO,VALOR,MARCA_ID,FABRICANTE_ID) values ('45','K5W-6M7','2017','8070709','6','3');
REM INSERTING into DBAUSER.VENDEDORES
SET DEFINE OFF;
Insert into DBAUSER.VENDEDORES (ID,CEDULA_VENDEDOR,NOMBRE,APELLIDO,DIRECCION,TELEFONO,ESTADO) values ('1','42990900','Emery','ruiz','P.O. Box 290, 7482 Sagittis. St.','24459076','activo');
Insert into DBAUSER.VENDEDORES (ID,CEDULA_VENDEDOR,NOMBRE,APELLIDO,DIRECCION,TELEFONO,ESTADO) values ('2','42990979','Meghan','arboleda','9136 Convallis Av.','52233648','activo');
Insert into DBAUSER.VENDEDORES (ID,CEDULA_VENDEDOR,NOMBRE,APELLIDO,DIRECCION,TELEFONO,ESTADO) values ('3','42991058','Nevada','henado','298-4430 Consectetuer Rd.','15815162','activo');
Insert into DBAUSER.VENDEDORES (ID,CEDULA_VENDEDOR,NOMBRE,APELLIDO,DIRECCION,TELEFONO,ESTADO) values ('4','42991137','Jin','rincon','Ap #243-3019 Vel Street','08818113','activo');
Insert into DBAUSER.VENDEDORES (ID,CEDULA_VENDEDOR,NOMBRE,APELLIDO,DIRECCION,TELEFONO,ESTADO) values ('5','42991216','Justina','angel','P.O. Box 627, 2011 Dis Road','02239747','inactivo');
--------------------------------------------------------
--  DDL for Trigger DECREMENTAR_PRODUCTOS
--------------------------------------------------------

  CREATE OR REPLACE TRIGGER "DBAUSER"."DECREMENTAR_PRODUCTOS" 
   AFTER INSERT OR UPDATE ON detalle_facturas 
   FOR EACH ROW
   BEGIN
    update SERVICIOS_EXTRA
    set unidades_disponibles = unidades_disponibles-:new.cantidad
    where id=:new.codigo_servicio_extra_id;
   END;
/
ALTER TRIGGER "DBAUSER"."DECREMENTAR_PRODUCTOS" ENABLE;
--------------------------------------------------------
--  DDL for Procedure REORDER_UNITS
--------------------------------------------------------
set define off;

  CREATE OR REPLACE PROCEDURE "DBAUSER"."REORDER_UNITS" as
 -- unidades_disponibles number;
begin

update servicios_Extra x
set x.UNIDADES_DISPONIBLES = (select   (se.unidades_disponibles+20) as units
                                from servicios_Extra se
                                    inner join  ORDERNAR_PRODUCTOS_MENORES5 o on o.id = se.id
                                    where se.id = x.id)
where x.id = (select   se.id
                                from servicios_Extra se
                                    inner join  ORDERNAR_PRODUCTOS_MENORES5 o on o.id = se.id
                                    where se.id = x.id);
end;

/
--------------------------------------------------------
--  Constraints for Table SERVICIOS_EXTRA
--------------------------------------------------------

  ALTER TABLE "DBAUSER"."SERVICIOS_EXTRA" ADD PRIMARY KEY ("ID") ENABLE;
  ALTER TABLE "DBAUSER"."SERVICIOS_EXTRA" MODIFY ("UNIDADES_DISPONIBLES" NOT NULL ENABLE);
  ALTER TABLE "DBAUSER"."SERVICIOS_EXTRA" MODIFY ("VALOR_VENTA" NOT NULL ENABLE);
  ALTER TABLE "DBAUSER"."SERVICIOS_EXTRA" MODIFY ("PROVEEDOR_ID" NOT NULL ENABLE);
  ALTER TABLE "DBAUSER"."SERVICIOS_EXTRA" MODIFY ("COSTO" NOT NULL ENABLE);
  ALTER TABLE "DBAUSER"."SERVICIOS_EXTRA" MODIFY ("NOMBRE" NOT NULL ENABLE);
  ALTER TABLE "DBAUSER"."SERVICIOS_EXTRA" MODIFY ("CODIGO" NOT NULL ENABLE);
--------------------------------------------------------
--  Constraints for Table MARCAS
--------------------------------------------------------

  ALTER TABLE "DBAUSER"."MARCAS" ADD PRIMARY KEY ("ID") ENABLE;
  ALTER TABLE "DBAUSER"."MARCAS" MODIFY ("ID" NOT NULL ENABLE);
--------------------------------------------------------
--  Constraints for Table FACTURAS
--------------------------------------------------------

  ALTER TABLE "DBAUSER"."FACTURAS" ADD PRIMARY KEY ("ID") ENABLE;
  ALTER TABLE "DBAUSER"."FACTURAS" MODIFY ("VALOR_MATRICULA" NOT NULL ENABLE);
  ALTER TABLE "DBAUSER"."FACTURAS" MODIFY ("VEHICULO_INTERCAMBIO_ID" NOT NULL ENABLE);
  ALTER TABLE "DBAUSER"."FACTURAS" MODIFY ("VEHICULO_ID" NOT NULL ENABLE);
  ALTER TABLE "DBAUSER"."FACTURAS" MODIFY ("IMPUESTO_ID" NOT NULL ENABLE);
  ALTER TABLE "DBAUSER"."FACTURAS" MODIFY ("VALOR_SUBTOTAL" NOT NULL ENABLE);
  ALTER TABLE "DBAUSER"."FACTURAS" MODIFY ("CLIENTE_ID" NOT NULL ENABLE);
  ALTER TABLE "DBAUSER"."FACTURAS" MODIFY ("VENDEDOR_ID" NOT NULL ENABLE);
  ALTER TABLE "DBAUSER"."FACTURAS" MODIFY ("FECHA_FACTURA" NOT NULL ENABLE);
  ALTER TABLE "DBAUSER"."FACTURAS" MODIFY ("CODIGO_FACTURA" NOT NULL ENABLE);
--------------------------------------------------------
--  Constraints for Table TIPO_IDENTIFICACIONES
--------------------------------------------------------

  ALTER TABLE "DBAUSER"."TIPO_IDENTIFICACIONES" ADD PRIMARY KEY ("ID") ENABLE;
  ALTER TABLE "DBAUSER"."TIPO_IDENTIFICACIONES" MODIFY ("ID" NOT NULL ENABLE);
--------------------------------------------------------
--  Constraints for Table DETALLE_FACTURAS
--------------------------------------------------------

  ALTER TABLE "DBAUSER"."DETALLE_FACTURAS" ADD PRIMARY KEY ("ID") ENABLE;
  ALTER TABLE "DBAUSER"."DETALLE_FACTURAS" MODIFY ("VALOR_UNITARIO" NOT NULL ENABLE);
  ALTER TABLE "DBAUSER"."DETALLE_FACTURAS" MODIFY ("CANTIDAD" NOT NULL ENABLE);
  ALTER TABLE "DBAUSER"."DETALLE_FACTURAS" MODIFY ("CODIGO_SERVICIO_EXTRA_ID" NOT NULL ENABLE);
  ALTER TABLE "DBAUSER"."DETALLE_FACTURAS" MODIFY ("FACTURA_ID" NOT NULL ENABLE);
--------------------------------------------------------
--  Constraints for Table IMPUESTOS
--------------------------------------------------------

  ALTER TABLE "DBAUSER"."IMPUESTOS" ADD PRIMARY KEY ("ID") ENABLE;
  ALTER TABLE "DBAUSER"."IMPUESTOS" MODIFY ("VALOR_IMPUESTO" NOT NULL ENABLE);
  ALTER TABLE "DBAUSER"."IMPUESTOS" MODIFY ("NOMBRE_IMPUESTO" NOT NULL ENABLE);
--------------------------------------------------------
--  Constraints for Table VEHICULOS_INTERCAMBIO
--------------------------------------------------------

  ALTER TABLE "DBAUSER"."VEHICULOS_INTERCAMBIO" ADD PRIMARY KEY ("ID") ENABLE;
  ALTER TABLE "DBAUSER"."VEHICULOS_INTERCAMBIO" MODIFY ("ANO" NOT NULL ENABLE);
  ALTER TABLE "DBAUSER"."VEHICULOS_INTERCAMBIO" MODIFY ("PLACA" NOT NULL ENABLE);
  ALTER TABLE "DBAUSER"."VEHICULOS_INTERCAMBIO" MODIFY ("ID" NOT NULL ENABLE);
--------------------------------------------------------
--  Constraints for Table VENDEDORES
--------------------------------------------------------

  ALTER TABLE "DBAUSER"."VENDEDORES" ADD PRIMARY KEY ("ID") ENABLE;
  ALTER TABLE "DBAUSER"."VENDEDORES" MODIFY ("ESTADO" NOT NULL ENABLE);
  ALTER TABLE "DBAUSER"."VENDEDORES" MODIFY ("TELEFONO" NOT NULL ENABLE);
  ALTER TABLE "DBAUSER"."VENDEDORES" MODIFY ("DIRECCION" NOT NULL ENABLE);
  ALTER TABLE "DBAUSER"."VENDEDORES" MODIFY ("APELLIDO" NOT NULL ENABLE);
  ALTER TABLE "DBAUSER"."VENDEDORES" MODIFY ("NOMBRE" NOT NULL ENABLE);
  ALTER TABLE "DBAUSER"."VENDEDORES" MODIFY ("CEDULA_VENDEDOR" NOT NULL ENABLE);
--------------------------------------------------------
--  Constraints for Table FABRICANTES
--------------------------------------------------------

  ALTER TABLE "DBAUSER"."FABRICANTES" ADD PRIMARY KEY ("ID") ENABLE;
  ALTER TABLE "DBAUSER"."FABRICANTES" MODIFY ("NOMBRE_FABRICANTE" NOT NULL ENABLE);
  ALTER TABLE "DBAUSER"."FABRICANTES" MODIFY ("ID" NOT NULL ENABLE);
--------------------------------------------------------
--  Constraints for Table PROVEEDORES
--------------------------------------------------------

  ALTER TABLE "DBAUSER"."PROVEEDORES" ADD PRIMARY KEY ("ID") ENABLE;
  ALTER TABLE "DBAUSER"."PROVEEDORES" MODIFY ("NOMBRE_PROVEEDOR" NOT NULL ENABLE);
  ALTER TABLE "DBAUSER"."PROVEEDORES" MODIFY ("CODIGO_PROVEEDOR" NOT NULL ENABLE);
--------------------------------------------------------
--  Constraints for Table VEHICULOS
--------------------------------------------------------

  ALTER TABLE "DBAUSER"."VEHICULOS" ADD PRIMARY KEY ("ID") ENABLE;
  ALTER TABLE "DBAUSER"."VEHICULOS" MODIFY ("MARCA_ID" NOT NULL ENABLE);
  ALTER TABLE "DBAUSER"."VEHICULOS" MODIFY ("TIPO" NOT NULL ENABLE);
  ALTER TABLE "DBAUSER"."VEHICULOS" MODIFY ("VALOR" NOT NULL ENABLE);
  ALTER TABLE "DBAUSER"."VEHICULOS" MODIFY ("FABRICANTE_ID" NOT NULL ENABLE);
  ALTER TABLE "DBAUSER"."VEHICULOS" MODIFY ("AÑO" NOT NULL ENABLE);
  ALTER TABLE "DBAUSER"."VEHICULOS" MODIFY ("PLACA" NOT NULL ENABLE);
  ALTER TABLE "DBAUSER"."VEHICULOS" MODIFY ("ID" NOT NULL ENABLE);
--------------------------------------------------------
--  Constraints for Table CLIENTES
--------------------------------------------------------

  ALTER TABLE "DBAUSER"."CLIENTES" ADD PRIMARY KEY ("ID") ENABLE;
  ALTER TABLE "DBAUSER"."CLIENTES" MODIFY ("TELEFONO" NOT NULL ENABLE);
  ALTER TABLE "DBAUSER"."CLIENTES" MODIFY ("DIRECCION" NOT NULL ENABLE);
  ALTER TABLE "DBAUSER"."CLIENTES" MODIFY ("APELLIDO" NOT NULL ENABLE);
  ALTER TABLE "DBAUSER"."CLIENTES" MODIFY ("NOMBRE" NOT NULL ENABLE);
  ALTER TABLE "DBAUSER"."CLIENTES" MODIFY ("CEDULA" NOT NULL ENABLE);
  ALTER TABLE "DBAUSER"."CLIENTES" MODIFY ("ID" NOT NULL ENABLE);
--------------------------------------------------------
--  Constraints for Table HISTORIAL_VEHICULOS
--------------------------------------------------------

  ALTER TABLE "DBAUSER"."HISTORIAL_VEHICULOS" ADD CONSTRAINT "CK_ESTADO_VEHICULOS" CHECK (estado in ('Nuevo','Cambio', 'Vendido')) ENABLE;
  ALTER TABLE "DBAUSER"."HISTORIAL_VEHICULOS" ADD PRIMARY KEY ("ID") ENABLE;
--------------------------------------------------------
--  Ref Constraints for Table CLIENTES
--------------------------------------------------------

  ALTER TABLE "DBAUSER"."CLIENTES" ADD FOREIGN KEY ("TIPO_IDENTIFICACION_ID")
	  REFERENCES "DBAUSER"."TIPO_IDENTIFICACIONES" ("ID") ENABLE;
--------------------------------------------------------
--  Ref Constraints for Table DETALLE_FACTURAS
--------------------------------------------------------

  ALTER TABLE "DBAUSER"."DETALLE_FACTURAS" ADD FOREIGN KEY ("FACTURA_ID")
	  REFERENCES "DBAUSER"."FACTURAS" ("ID") ENABLE;
  ALTER TABLE "DBAUSER"."DETALLE_FACTURAS" ADD FOREIGN KEY ("CODIGO_SERVICIO_EXTRA_ID")
	  REFERENCES "DBAUSER"."SERVICIOS_EXTRA" ("ID") ENABLE;
--------------------------------------------------------
--  Ref Constraints for Table FACTURAS
--------------------------------------------------------

  ALTER TABLE "DBAUSER"."FACTURAS" ADD FOREIGN KEY ("VENDEDOR_ID")
	  REFERENCES "DBAUSER"."VENDEDORES" ("ID") ENABLE;
  ALTER TABLE "DBAUSER"."FACTURAS" ADD FOREIGN KEY ("CLIENTE_ID")
	  REFERENCES "DBAUSER"."CLIENTES" ("ID") ENABLE;
  ALTER TABLE "DBAUSER"."FACTURAS" ADD FOREIGN KEY ("IMPUESTO_ID")
	  REFERENCES "DBAUSER"."IMPUESTOS" ("ID") ENABLE;
  ALTER TABLE "DBAUSER"."FACTURAS" ADD FOREIGN KEY ("VEHICULO_ID")
	  REFERENCES "DBAUSER"."VEHICULOS" ("ID") ENABLE;
  ALTER TABLE "DBAUSER"."FACTURAS" ADD FOREIGN KEY ("VEHICULO_INTERCAMBIO_ID")
	  REFERENCES "DBAUSER"."VEHICULOS_INTERCAMBIO" ("ID") ENABLE;
--------------------------------------------------------
--  Ref Constraints for Table HISTORIAL_VEHICULOS
--------------------------------------------------------

  ALTER TABLE "DBAUSER"."HISTORIAL_VEHICULOS" ADD FOREIGN KEY ("VEHICULO_ID")
	  REFERENCES "DBAUSER"."VEHICULOS" ("ID") ENABLE;
--------------------------------------------------------
--  Ref Constraints for Table SERVICIOS_EXTRA
--------------------------------------------------------

  ALTER TABLE "DBAUSER"."SERVICIOS_EXTRA" ADD FOREIGN KEY ("PROVEEDOR_ID")
	  REFERENCES "DBAUSER"."PROVEEDORES" ("ID") ENABLE;
--------------------------------------------------------
--  Ref Constraints for Table VEHICULOS
--------------------------------------------------------

  ALTER TABLE "DBAUSER"."VEHICULOS" ADD FOREIGN KEY ("MARCA_ID")
	  REFERENCES "DBAUSER"."MARCAS" ("ID") ENABLE;
  ALTER TABLE "DBAUSER"."VEHICULOS" ADD FOREIGN KEY ("FABRICANTE_ID")
	  REFERENCES "DBAUSER"."FABRICANTES" ("ID") ENABLE;
--------------------------------------------------------
--  Ref Constraints for Table VEHICULOS_INTERCAMBIO
--------------------------------------------------------

  ALTER TABLE "DBAUSER"."VEHICULOS_INTERCAMBIO" ADD FOREIGN KEY ("MARCA_ID")
	  REFERENCES "DBAUSER"."MARCAS" ("ID") ENABLE;
